[SUPERVISOR] Starting listener thread... (Restart #1)
[SYSTEM] Initializing ZaloListener...
 DEBUG  Light Đang Loging Vào Acc None...
 LOGIN  Login of 84565388949 successful.
[IO_THREAD] Started writer for pending_queue.json
[LISTENER] Scanning Input Groups...
[Input] ✓ Found: 🐎TNR HOME - DƯỚI 4TR → 1A
[Input] ✓ Found: <PHÒNG>NỘI ĐÔ-CCMN-PHÒNG TRỌ → 8A
[Input] ✓ Found: Nguồn PANDA HOME🐼💎 → 11A
[Input] ✓ Found: PHÒNG TỐT HN - TRÊN 5TR → phongtot
[Input] ✓ Found: THUÊ QUẬN HOÀNG MAI - THANH TRÌ → vietquoc
[Input] ✓ Found: PANDA HOME- 2N1K + 3N1K → 11A
[Input] ✓ Found: CĂN HỘ - CHUNG CƯ CAO CẤP → tc
[Input] ✓ Found: PHÒNG TỐT HN - Mã A -Dưới 4tr → phongtot
[Input] ✓ Found: THÔNG TIN PHÒNG AVHOME🏩 → Avhome
[Input] ✓ Found: NGUỒN PHÒNG TRỌ TOÀN HÀ NỘI - TÀI PHÁT LAND → tài phát
[Input] ✓ Found: MẶT BẰNG KINH DOANH - VĂN PHÒNG → tc
[Input] ✓ Found: Nguồn Phòng Full House🍀🍀 → 12A
[Input] ✓ Found: NGUỒN THUÊ CHUNG CƯ LINH ĐÀM + ĐẠI THANH → vietquoc
[Input] ✓ Found: ❤️ Npland - Sale Phòng HN❤️ → npland
[Input] ✓ Found: 5️⃣🏆TL21House🏆 - NGUỒN TRÊN ( 4tr ) → 2A
[Input] ✓ Found: TNR HOME - MBKD + CHDV + MBKD + CC CAO CẤP → 1A
[Input] ✓ Found: NGUỒN PHÒNG NV HOME → TD Le Phuong Thao
[Input] ✓ Found: 🦁 🌹NGUỒN HÀNG SAPPHIRE HOUSE TT 🌹 → 14A
[Input] ✓ Found: DL Homes 💎 → DL Homes
[Input] ✓ Found: 3H - Home 🏠 → 3H
[Input] ✓ Found: ☣️NGUỒN TP HOMES - CCMN, Phòng Trọ Hà Nội → 6A
[Input] ✓ Found: BGO Home - Nguồn Phòng → 5A
[Input] ✓ Found: DIAMOND HOMES 3 🏡 → 10A
[Input] ✓ Found: 🏡 < 4tr5 . NGUỒN PANDA HOME → 11A
[Input] ✓ Found: 🚀QUỸ PHÒNG🚀HOME88💎 → 13A
[Input] ✓ Found: Nhóm nguồn ctv Phương Thảo → phương thảo
[Input] ✓ Found: 5️⃣🏆TL21House🏆 - Giá Rẻ → 2A
[Input] ✓ Found: MBKD + NGUYÊN CĂN → 5A
[Input] ✓ Found: 🎶NGUỒN HDHOME🎶 → hdhome
[Input] ✓ Found: 🐺💥HT F&F HOME💥🐺 → 3A
[Input] ✓ Found: CHINH TRẦN - NGUỒN CHDV... KS → chdv chinh trần
[Input] ✓ Found: 🐝🌹 NGUỒN HÀNG 95 HOME → 9a
[Input] ✓ Found: THUÊ CHUNG CƯ KIM VĂN KIM LŨ + KIM GIANG → vietquoc1
[Input] ✓ Found: AGP HOME- NGUỒN PHÒNG → agp
[Input] ✓ Found: PHÒNG TỐT HN - Mã A - Nhà Mới → phongtot
[Input] ✓ Found: Nguồn Chdv Chọn Lọc → chdv chọn lọc
[Input] ✓ Found: PHÒNG TỐT HN - DƯỚI 5 TR → phongtot
[Input] ✓ Found: 🐎TNR HOME - 2N + 3N + 4N + PENTHOUSE → 1A
[Input] ✓ Found: NGUỒN PHÒNG CD 😍😍😍 → 4A
[Input] ✓ Found: 🏆TL21House🏆- NGUỒN TỔNG → 2A
[Input] ✓ Found: ND HOME - 🌹NGUỒN HÀNG NGON🌹 → ND
[Input] ✓ Found: 🔥🔥𝙎𝙇𝙀𝙀𝙋𝘽🅞𝙓 & 𝘿🅞𝙍𝙈 𝙃À 𝙉Ộ𝙄 ❤ → sleepbox
[Input] ✓ Found: 🐎TNR HOME - TRÊN 4TR → 1A
[Input] ✓ Found: NHÀ TẬP THỂ HÀ NỘI → tc
[LISTENER] ✓ Scanned 44 input groups.
[LISTENER] Initialized with ACC1. Listening for messages...
 DEBUG  Listening...
[MSG] 3572540813945634011 (TD Le Phuong Thao): Message(id=23411, catId=10431, type=3, extInfo=Non...
[HEARTBEAT] Listener running. Buffers: 0. Uptime: 0.0h
[HEARTBEAT] Listener running. Buffers: 0. Uptime: 0.0h
[MSG] 4990120728059075599 (11A): Message(title='', description='', href='https://ph...
[SESSION] Orphan photo (chưa có text). Bỏ qua.
[MSG] 4990120728059075599 (11A): Message(title='', description='', href='https://ph...
[SESSION] Orphan photo (chưa có text). Bỏ qua.
[MSG] 4990120728059075599 (11A): Message(title='', description='', href='https://vi...
[SESSION] Orphan video (chưa có text). Bỏ qua.
[HEARTBEAT] Listener running. Buffers: 0. Uptime: 0.1h
[MSG] 4990120728059075599 (11A): 🎉Thưởng 150k cho sale
🌹30% -6 tháng
🌹40% -12 tháng...
[FIX-LISTENER] Timeline reordered for 11A. Reply → top, rest preserved in order.
[QUEUE] ✓ Enqueued 1 sessions.
[MSG] 4990120728059075599 (11A): Message(id=45901, catId=11938, type=3, extInfo=Non...
[HEARTBEAT] Listener running. Buffers: 0. Uptime: 0.1h
[MSG] 4241410646070673299 (6A): 🌹30%: 12th.          Mã: T040

🏠Địa chỉ :Số 11 Ngá...
[DEBUG_BUFFER] Adding text to buffer: '6A : 12th. Mã: T040\n\n🏠Địa chỉ :Số 11 Ngách 69/281 '
[MSG] 4241410646070673299 (6A): Message(title='', description='', href='https://b-...
[MSG] 4241410646070673299 (6A): Message(title='', description='', href='https://b-...
[MSG] 4241410646070673299 (6A): Message(title='', description='', href='https://b-...
[MSG] 4241410646070673299 (6A): Message(title='', description='', href='https://b-...
[MSG] 4241410646070673299 (6A): Message(title='', description='', href='https://f1...
[HEARTBEAT] Listener running. Buffers: 1. Uptime: 0.1h
[MSG] 4990120728059075599 (11A): Message(title='', description='', href='https://ph...
[SESSION] Orphan photo (chưa có text). Bỏ qua.
[MSG] 4990120728059075599 (11A): Message(title='', description='', href='https://ph...
[SESSION] Orphan photo (chưa có text). Bỏ qua.
[MSG] 4990120728059075599 (11A): Message(title='', description='', href='https://ph...
[SESSION] Orphan photo (chưa có text). Bỏ qua.
[MSG] 4990120728059075599 (11A): Message(title='', description='', href='https://ph...
[SESSION] Orphan photo (chưa có text). Bỏ qua.
[MSG] 4990120728059075599 (11A): Message(title='', description='', href='https://ph...
[SESSION] Orphan photo (chưa có text). Bỏ qua.
[MSG] 4990120728059075599 (11A): Message(title='', description='', href='https://ph...
[SESSION] Orphan photo (chưa có text). Bỏ qua.
[MSG] 4990120728059075599 (11A): Message(title='', description='', href='https://ph...
[SESSION] Orphan photo (chưa có text). Bỏ qua.
[MSG] 4990120728059075599 (11A): Message(title='', description='', href='https://ph...
[SESSION] Orphan photo (chưa có text). Bỏ qua.
[MSG] 4990120728059075599 (11A): Message(title='', description='', href='https://ph...
[SESSION] Orphan photo (chưa có text). Bỏ qua.
[MSG] 4990120728059075599 (11A): Message(title='', description='', href='https://ph...
[SESSION] Orphan photo (chưa có text). Bỏ qua.
[MSG] 4990120728059075599 (11A): Message(title='', description='', href='https://ph...
[SESSION] Orphan photo (chưa có text). Bỏ qua.
[MSG] 4990120728059075599 (11A): Message(title='', description='', href='https://ph...
[SESSION] Orphan photo (chưa có text). Bỏ qua.
[MSG] 4990120728059075599 (11A): Message(title='', description='', href='https://ph...
[SESSION] Orphan photo (chưa có text). Bỏ qua.
[MSG] 4990120728059075599 (11A): Message(title='', description='', href='https://ph...
[SESSION] Orphan photo (chưa có text). Bỏ qua.
[MSG] 4990120728059075599 (11A): Message(title='', description='', href='https://ph...
[SESSION] Orphan photo (chưa có text). Bỏ qua.
[MSG] 4990120728059075599 (11A): 🎉Thưởng 300k cho sale
🌹25% -6 tháng
🌹35% -12 tháng...
[FIX-LISTENER] Timeline reordered for 11A. Reply → top, rest preserved in order.
[QUEUE] ✓ Enqueued 1 sessions.
[MSG] 4990120728059075599 (11A): Message(id=45901, catId=11938, type=3, extInfo=Non...
[MSG] 4990120728059075599 (11A): Message(title='', description='', href='https://ph...
[SESSION] Orphan photo (chưa có text). Bỏ qua.
[MSG] 4990120728059075599 (11A): Message(title='', description='', href='https://ph...
[SESSION] Orphan photo (chưa có text). Bỏ qua.
[MSG] 4990120728059075599 (11A): Message(title='', description='', href='https://ph...
[SESSION] Orphan photo (chưa có text). Bỏ qua.
[MSG] 4990120728059075599 (11A): Message(title='', description='', href='https://ph...
[SESSION] Orphan photo (chưa có text). Bỏ qua.
[MSG] 4990120728059075599 (11A): Thưởng 200k cho sale
🌹25% -6 tháng
🌹35% -12 tháng
...
[FIX-LISTENER] Timeline reordered for 11A. Reply → top, rest preserved in order.
[QUEUE] ✓ Enqueued 1 sessions.
[MSG] 4990120728059075599 (11A): Message(id=45901, catId=11938, type=3, extInfo=Non...
[HEARTBEAT] Listener running. Buffers: 1. Uptime: 0.1h
[HEARTBEAT] Listener running. Buffers: 1. Uptime: 0.1h
[MSG] 5607388022277948830 (2A): Message(rMsg=[{'gMsgID': 7962524648104, 'cMsgID': ...
[HEARTBEAT] Listener running. Buffers: 1. Uptime: 0.1h
[MSG] 7918125874218096301 (2A): 🌷30% - 10m  Mã: 🏆006

🏢Địa chỉ :  Ngõ 204 nhà 44 T...
[DEBUG_BUFFER] Adding text to buffer: '2A 🌷 - 10m Mã: 🏆006\n\n🏢Địa chỉ : Ngõ 204 nhà 44 Trầ'
[MSG] 7918125874218096301 (2A): Message(title='', description='', href='https://ph...
[MSG] 7918125874218096301 (2A): Message(title='', description='', href='https://ph...
[MSG] 7918125874218096301 (2A): Message(title='', description='', href='https://vi...
[MSG] 7918125874218096301 (2A): 🌷30%-10m Mã: 🏆 006

🏢Địa chỉ : Ngõ 278 ngách 9 nhà...
[SESSION] Listing mới + media cũ → đóng session cũ của 2A
[DEBUG_BUFFER] Adding text to buffer: '2A 🌷-10m Mã: 🏆 006\n\n🏢Địa chỉ : Ngõ 278 ngách 9 nhà'
[QUEUE] ✓ Enqueued 1 sessions.
[HEARTBEAT] Listener running. Buffers: 2. Uptime: 0.1h
[MSG] 7918125874218096301 (2A): 2tr8...
[DEBUG_BUFFER] Adding text to buffer: '2tr8'
[MSG] 7918125874218096301 (2A): Message(title='', description='', href='https://ph...
[MSG] 7918125874218096301 (2A): Message(title='', description='', href='https://ph...
[MSG] 7918125874218096301 (2A): Message(title='', description='', href='https://ph...
[MSG] 7918125874218096301 (2A): Message(title='', description='', href='https://ph...
[MSG] 7918125874218096301 (2A): 2tr7...
[DEBUG_BUFFER] Adding text to buffer: '2tr7'
[MSG] 4241410646070673299 (6A): 🌹40%: 12th               Mã: tp479

🏠 Địa chỉ: Ngõ...
[SESSION] ⏰ Idle 287s → đóng session cũ của 6A
[DEBUG_BUFFER] Adding text to buffer: '6A : 12th Mã: tp479\n\n🏠 Địa chỉ: Ngõ 61 Khương Trun'
[QUEUE] ✓ Enqueued 1 sessions.
[MSG] 7918125874218096301 (2A): Message(title='', description='', href='https://ph...
[MSG] 7918125874218096301 (2A): Message(title='', description='', href='https://ph...
[MSG] 7918125874218096301 (2A): Message(title='', description='', href='https://ph...
[MSG] 7918125874218096301 (2A): Message(title='', description='', href='https://vi...
[MSG] 4241410646070673299 (6A): Message(title='', description='', href='https://ph...
[MSG] 4241410646070673299 (6A): Message(title='', description='', href='https://ph...
[MSG] 4241410646070673299 (6A): Message(title='', description='', href='https://ph...
[MSG] 4241410646070673299 (6A): Message(title='', description='', href='https://ph...
[MSG] 4241410646070673299 (6A): Message(title='', description='', href='https://ph...
[MSG] 4241410646070673299 (6A): Message(title='', description='', href='https://vi...
[MSG] 4916380788252682101 (Avhome): @All 242 Đường Láng HẾT PHÒNG Ạ...
[MSG] 4241410646070673299 (6A): Message(title='', description='', href='https://f6...
[MSG] 7918125874218096301 (2A): 🌷30% - 10m Mã: 🏆006

🏢Địa chỉ : Ngõ 168 ngách 97 n...
[SESSION] Listing mới + media cũ → đóng session cũ của 2A
[DEBUG_BUFFER] Adding text to buffer: '2A 🌷 - 10m Mã: 🏆006\n\n🏢Địa chỉ : Ngõ 168 ngách 97 n'
[QUEUE] ✓ Enqueued 1 sessions.
[MSG] 7918125874218096301 (2A): P505...
[DEBUG_BUFFER] Adding text to buffer: 'P505'
[MSG] 7918125874218096301 (2A): Message(title='', description='', href='https://ph...
[MSG] 7918125874218096301 (2A): Message(title='', description='', href='https://ph...
[MSG] 7918125874218096301 (2A): Message(title='', description='', href='https://ph...
[MSG] 7918125874218096301 (2A): Message(title='', description='', href='https://vi...
[MSG] 7918125874218096301 (2A): p601...
[DEBUG_BUFFER] Adding text to buffer: 'p601'
[MSG] 7918125874218096301 (2A): Message(title='', description='', href='https://ph...
[MSG] 7918125874218096301 (2A): Message(title='', description='', href='https://ph...
[MSG] 7918125874218096301 (2A): Message(title='', description='', href='https://ph...
[MSG] 3572540813945634011 (TD Le Phuong Thao): 🌹50% 12th

Mã NVH64
 🏡  Địa chỉ : ngõ 33/5/36/44 P...
[DEBUG_BUFFER] Adding text to buffer: '12th\n\nMã NVH64\n🏡 Địa chỉ : ngõ 33/5/36/44 Phú Mỹ N'
[MSG] 7918125874218096301 (2A): Message(title='', description='', href='https://ph...
[MSG] 7918125874218096301 (2A): Message(title='', description='', href='https://ph...
[MSG] 7918125874218096301 (2A): Message(title='', description='', href='https://ph...
[MSG] 7918125874218096301 (2A): Message(title='', description='', href='https://ph...
[MSG] 7918125874218096301 (2A): Message(title='', description='', href='https://vi...
[MSG] 4241410646070673299 (6A): 🌹40% 12th               Mã: tp479

🏠 Địa chỉ: Ngõ ...
[SESSION] Listing mới + media cũ → đóng session cũ của 6A
[DEBUG_BUFFER] Adding text to buffer: '6A 12th Mã: tp479\n\n🏠 Địa chỉ: Ngõ 61 Khương Trung '
[QUEUE] ✓ Enqueued 1 sessions.
[MSG] 7918125874218096301 (2A): p101...
[DEBUG_BUFFER] Adding text to buffer: 'p101'
[MSG] 4241410646070673299 (6A): Message(title='', description='', href='https://ph...
[MSG] 4241410646070673299 (6A): Message(title='', description='', href='https://ph...
[MSG] 4241410646070673299 (6A): Message(title='', description='', href='https://ph...
[MSG] 4241410646070673299 (6A): Message(title='', description='', href='https://ph...
[MSG] 4241410646070673299 (6A): Message(title='', description='', href='https://ph...
[MSG] 4241410646070673299 (6A): Message(title='', description='', href='https://ph...
[MSG] 4241410646070673299 (6A): Message(title='', description='', href='https://ph...
[MSG] 4241410646070673299 (6A): Message(title='', description='', href='https://ph...
[MSG] 4241410646070673299 (6A): Message(title='', description='', href='https://ph...
[MSG] 7918125874218096301 (2A): Message(title='', description='', href='https://ph...
[MSG] 7918125874218096301 (2A): Message(title='', description='', href='https://ph...
[MSG] 3572540813945634011 (TD Le Phuong Thao): P603...
[DEBUG_BUFFER] Adding text to buffer: 'P603'
[MSG] 7918125874218096301 (2A): p603...
[DEBUG_BUFFER] Adding text to buffer: 'p603'
[MSG] 7918125874218096301 (2A): Message(title='', description='', href='https://ph...
[MSG] 7918125874218096301 (2A): Message(title='', description='', href='https://ph...
[MSG] 7918125874218096301 (2A): Message(title='', description='', href='https://ph...
[MSG] 7918125874218096301 (2A): Message(title='', description='', href='https://ph...
[MSG] 4990120728059075599 (11A): Message(title='', description='', href='https://ph...
[SESSION] Orphan photo (chưa có text). Bỏ qua.
[MSG] 4990120728059075599 (11A): Message(title='', description='', href='https://ph...
[SESSION] Orphan photo (chưa có text). Bỏ qua.
[MSG] 4990120728059075599 (11A): Message(title='', description='', href='https://ph...
[SESSION] Orphan photo (chưa có text). Bỏ qua.
[MSG] 4990120728059075599 (11A): Message(title='', description='', href='https://ph...
[SESSION] Orphan photo (chưa có text). Bỏ qua.
[HEARTBEAT] Listener running. Buffers: 3. Uptime: 0.2h
[MSG] 7918125874218096301 (2A): p602...
[DEBUG_BUFFER] Adding text to buffer: 'p602'
[MSG] 7918125874218096301 (2A): Message(title='', description='', href='https://ph...
[MSG] 7918125874218096301 (2A): Message(title='', description='', href='https://ph...
[MSG] 7918125874218096301 (2A): Message(title='', description='', href='https://ph...
[MSG] 3572540813945634011 (TD Le Phuong Thao): Message(title='', description='', href='https://f6...
[MSG] 3572540813945634011 (TD Le Phuong Thao): Message(title='', description='', href='https://f6...
[MSG] 7918125874218096301 (2A): Message(title='', description='', href='https://ph...
[MSG] 3572540813945634011 (TD Le Phuong Thao): Message(title='', description='', href='https://f6...
[MSG] 3572540813945634011 (TD Le Phuong Thao): Message(title='', description='', href='https://f6...
[MSG] 3572540813945634011 (TD Le Phuong Thao): Message(title='', description='', href='https://f6...
[MSG] 3572540813945634011 (TD Le Phuong Thao): Message(title='', description='', href='https://f6...
[MSG] 7918125874218096301 (2A): 🌷30% - 10m Mã: 🏆006

🏢Địa chỉ : Ngõ 192 nhà 67 Kim...
[SESSION] Listing mới + media cũ → đóng session cũ của 2A
[DEBUG_BUFFER] Adding text to buffer: '2A 🌷 - 10m Mã: 🏆006\n\n🏢Địa chỉ : Ngõ 192 nhà 67 Kim'
[QUEUE] ✓ Enqueued 1 sessions.
[MSG] 3572540813945634011 (TD Le Phuong Thao): P402...
[DEBUG_BUFFER] Adding text to buffer: 'P402'
[MSG] 7918125874218096301 (2A): P301...
[DEBUG_BUFFER] Adding text to buffer: 'P301'
[MSG] 3572540813945634011 (TD Le Phuong Thao): Message(globalMsgId=7963100388868, cliMsgId=178210...
[MSG] 7918125874218096301 (2A): Message(title='', description='', href='https://ph...
[MSG] 7918125874218096301 (2A): Message(title='', description='', href='https://ph...
[MSG] 7918125874218096301 (2A): Message(title='', description='', href='https://ph...
[MSG] 7918125874218096301 (2A): Message(title='', description='', href='https://ph...
[MSG] 7918125874218096301 (2A): p202...
[DEBUG_BUFFER] Adding text to buffer: 'p202'
[MSG] 4241410646070673299 (6A): 🌹40% 12th              Mã: tp132

🏠 Địa chỉ: Số 33...
[SESSION] Listing mới + media cũ → đóng session cũ của 6A
[DEBUG_BUFFER] Adding text to buffer: '6A 12th Mã: tp132\n\n🏠 Địa chỉ: Số 33A ngõ 112 Mễ Tr'
[QUEUE] ✓ Enqueued 1 sessions.
[MSG] 7918125874218096301 (2A): Message(title='', description='', href='https://ph...
[MSG] 3572540813945634011 (TD Le Phuong Thao): Message(title='', description='', href='https://f6...
[MSG] 7918125874218096301 (2A): Message(title='', description='', href='https://ph...
[MSG] 7918125874218096301 (2A): Message(title='', description='', href='https://ph...
[MSG] 7918125874218096301 (2A): Message(title='', description='', href='https://vi...
[MSG] 3572540813945634011 (TD Le Phuong Thao): P402...
[DEBUG_BUFFER] Adding text to buffer: 'P402'
[MSG] 4241410646070673299 (6A): Message(title='', description='', href='https://ph...
[MSG] 4241410646070673299 (6A): Message(title='', description='', href='https://ph...
[MSG] 4241410646070673299 (6A): Message(title='', description='', href='https://ph...
[MSG] 4241410646070673299 (6A): Message(title='', description='', href='https://ph...
[MSG] 4241410646070673299 (6A): Message(title='', description='', href='https://vi...
[MSG] 7918125874218096301 (2A): 🌷30% - 10m Mã: 🏆006

🏢Địa chỉ : Ngõ 6 Phố Dương Lâ...
[SESSION] Listing mới + media cũ → đóng session cũ của 2A
[DEBUG_BUFFER] Adding text to buffer: '2A 🌷 - 10m Mã: 🏆006\n\n🏢Địa chỉ : Ngõ 6 Phố Dương Lâ'
[QUEUE] ✓ Enqueued 1 sessions.
[MSG] 4990120728059075599 (11A): 🎉 Thưởng 150k cho sale
🌹35% 
Mã 235 
🏢 ngõ 46A Phạ...
[FIX-LISTENER] Timeline reordered for 11A. Reply → top, rest preserved in order.
[QUEUE] ✓ Enqueued 1 sessions.
[MSG] 4990120728059075599 (11A): Message(id=45901, catId=11938, type=3, extInfo=Non...
[MSG] 4990120728059075599 (11A): Message(id=45901, catId=11938, type=3, extInfo=Non...
[MSG] 7918125874218096301 (2A): Message(title='', description='', href='https://ph...
[MSG] 7918125874218096301 (2A): Message(title='', description='', href='https://ph...
[MSG] 7918125874218096301 (2A): Message(title='', description='', href='https://ph...
[MSG] 7918125874218096301 (2A): Message(title='', description='', href='https://vi...
[MSG] 7918125874218096301 (2A): 🌷30% - 10m Mã: 🏆006

🏢Địa chỉ : Nhà 12N02 ngõ 66A ...
[SESSION] Listing mới + media cũ → đóng session cũ của 2A
[DEBUG_BUFFER] Adding text to buffer: '2A 🌷 - 10m Mã: 🏆006\n\n🏢Địa chỉ : Nhà 12N02 ngõ 66A '
[QUEUE] ✓ Enqueued 1 sessions.
[MSG] 7918125874218096301 (2A): Message(title='', description='', href='https://ph...
[MSG] 7918125874218096301 (2A): Message(title='', description='', href='https://ph...
[MSG] 7918125874218096301 (2A): Message(title='', description='', href='https://ph...
[MSG] 7918125874218096301 (2A): Message(title='', description='', href='https://ph...
[MSG] 7918125874218096301 (2A): Message(title='', description='', href='https://ph...
[MSG] 7918125874218096301 (2A): Message(title='', description='', href='https://ph...
[MSG] 7918125874218096301 (2A): 🌷30%-10m Mã: 🏆006

🏢Địa chỉ :  Ngõ 165 nhà 57 Dươn...
[SESSION] Listing mới + media cũ → đóng session cũ của 2A
[DEBUG_BUFFER] Adding text to buffer: '2A 🌷-10m Mã: 🏆006\n\n🏢Địa chỉ : Ngõ 165 nhà 57 Dương'
[QUEUE] ✓ Enqueued 1 sessions.
[MSG] 7918125874218096301 (2A): Message(title='', description='', href='https://ph...
[MSG] 7918125874218096301 (2A): Message(title='', description='', href='https://ph...
[MSG] 7918125874218096301 (2A): Message(title='', description='', href='https://ph...
[MSG] 7918125874218096301 (2A): Message(title='', description='', href='https://ph...
[MSG] 7918125874218096301 (2A): Message(title='', description='', href='https://vi...
[MSG] 7918125874218096301 (2A): 🌷30%-12m Mã: 🏆006

🏢Địa chỉ : Ngõ 250 ngách 39 nhà...
[SESSION] Listing mới + media cũ → đóng session cũ của 2A
[DEBUG_BUFFER] Adding text to buffer: '2A 🌷-12m Mã: 🏆006\n\n🏢Địa chỉ : Ngõ 250 ngách 39 nhà'
[QUEUE] ✓ Enqueued 1 sessions.
[HEARTBEAT] Listener running. Buffers: 3. Uptime: 0.2h
[MSG] 7918125874218096301 (2A): Message(title='', description='', href='https://ph...
[MSG] 7918125874218096301 (2A): Message(title='', description='', href='https://ph...
[MSG] 7918125874218096301 (2A): Message(title='', description='', href='https://ph...
[MSG] 7918125874218096301 (2A): Message(title='', description='', href='https://ph...
[MSG] 7918125874218096301 (2A): Message(title='', description='', href='https://vi...
[MSG] 3572540813945634011 (TD Le Phuong Thao): Message(title='', description='', href='https://ph...
[MSG] 3572540813945634011 (TD Le Phuong Thao): Message(title='', description='', href='https://ph...
[MSG] 3572540813945634011 (TD Le Phuong Thao): Message(title='', description='', href='https://ph...
[MSG] 3572540813945634011 (TD Le Phuong Thao): Message(title='', description='', href='https://ph...
[MSG] 3572540813945634011 (TD Le Phuong Thao): Message(title='', description='', href='https://ph...
[MSG] 3572540813945634011 (TD Le Phuong Thao): Message(title='', description='', href='https://ph...
[MSG] 3572540813945634011 (TD Le Phuong Thao): Message(id=23411, catId=10431, type=3, extInfo=Non...
[MSG] 7918125874218096301 (2A): 🌷30%-10m Mã: 🏆006

🏢Địa chỉ : Ngõ 282  ngách 60 nh...
[SESSION] Listing mới + media cũ → đóng session cũ của 2A
[DEBUG_BUFFER] Adding text to buffer: '2A 🌷-10m Mã: 🏆006\n\n🏢Địa chỉ : Ngõ 282 ngách 60 nhà'
[QUEUE] ✓ Enqueued 1 sessions.
[MSG] 3572540813945634011 (TD Le Phuong Thao): 🌹50% 12th
Mã NVH64

 🏡  Địa chỉ : NGÕ 32/84/64 Đỗ ...
[SESSION] Listing mới + media cũ → đóng session cũ của TD Le Phuong Thao
[FIX-LISTENER] Prepending symbol TD Le Phuong Thao to text
[DEBUG_BUFFER] Adding text to buffer: '12th\nMã NVH64\n\n🏡 Địa chỉ : NGÕ 32/84/64 Đỗ Đức Dục'
[QUEUE] ✓ Enqueued 1 sessions.
[MSG] 7918125874218096301 (2A): Message(title='', description='', href='https://ph...
[MSG] 7918125874218096301 (2A): Message(title='', description='', href='https://ph...
[HEARTBEAT] Listener running. Buffers: 3. Uptime: 0.2h
[MSG] 7918125874218096301 (2A): Message(title='', description='', href='https://ph...
[MSG] 7918125874218096301 (2A): Message(title='', description='', href='https://ph...
[MSG] 7918125874218096301 (2A): Message(title='', description='', href='https://ph...
[MSG] 7918125874218096301 (2A): Message(title='', description='', href='https://vi...
[MSG] 3572540813945634011 (TD Le Phuong Thao): Message(title='', description='', href='https://ph...
[MSG] 3572540813945634011 (TD Le Phuong Thao): Message(title='', description='', href='https://ph...
[MSG] 3572540813945634011 (TD Le Phuong Thao): Message(title='', description='', href='https://ph...
[MSG] 3572540813945634011 (TD Le Phuong Thao): Message(title='', description='', href='https://ph...
[MSG] 3572540813945634011 (TD Le Phuong Thao): Message(title='', description='', href='https://ph...
[MSG] 7918125874218096301 (2A): 🌷30%-10m Mã: 🏆006

🏢Địa chỉ : Ngõ 250 ngách 39 nhà...
[SESSION] Listing mới + media cũ → đóng session cũ của 2A
[DEBUG_BUFFER] Adding text to buffer: '2A 🌷-10m Mã: 🏆006\n\n🏢Địa chỉ : Ngõ 250 ngách 39 nhà'
[QUEUE] ✓ Enqueued 1 sessions.
[MSG] 7918125874218096301 (2A): P202...
[DEBUG_BUFFER] Adding text to buffer: 'P202'
[MSG] 7918125874218096301 (2A): Message(title='', description='', href='https://ph...
[MSG] 3572540813945634011 (TD Le Phuong Thao): Message(id=23411, catId=10431, type=3, extInfo=Non...
[MSG] 7918125874218096301 (2A): Message(title='', description='', href='https://ph...
[MSG] 7918125874218096301 (2A): Message(title='', description='', href='https://ph...
[MSG] 7918125874218096301 (2A): Message(title='', description='', href='https://ph...
[MSG] 7918125874218096301 (2A): Message(title='', description='', href='https://vi...
[MSG] 7918125874218096301 (2A): P201-301-303...
[DEBUG_BUFFER] Adding text to buffer: 'P201-301-303'
[MSG] 7918125874218096301 (2A): Message(title='', description='', href='https://ph...
[MSG] 7918125874218096301 (2A): Message(title='', description='', href='https://ph...
[MSG] 7918125874218096301 (2A): Message(title='', description='', href='https://ph...
[MSG] 7918125874218096301 (2A): Message(title='', description='', href='https://ph...
[MSG] 7918125874218096301 (2A): Message(title='', description='', href='https://vi...
[MSG] 7918125874218096301 (2A): 🌷30%-10m Mã: 🏆 006

🏢Địa chỉ : Ngõ 245 ngách 32 nh...
[SESSION] Listing mới + media cũ → đóng session cũ của 2A
[DEBUG_BUFFER] Adding text to buffer: '2A 🌷-10m Mã: 🏆 006\n\n🏢Địa chỉ : Ngõ 245 ngách 32 nh'
[QUEUE] ✓ Enqueued 1 sessions.
[MSG] 7918125874218096301 (2A): Message(title='', description='', href='https://ph...
[MSG] 7918125874218096301 (2A): Message(title='', description='', href='https://ph...
[MSG] 7918125874218096301 (2A): Message(title='', description='', href='https://ph...
[MSG] 7918125874218096301 (2A): Message(title='', description='', href='https://ph...
[MSG] 7918125874218096301 (2A): Message(title='', description='', href='https://vi...
[MSG] 3053601108637848367 (2A): 🌷30% - 10m  Mã: 🏆006

🏢Địa chỉ :  Ngõ 592 nhà 91 T...
[DEBUG_BUFFER] Adding text to buffer: '2A 🌷 - 10m Mã: 🏆006\n\n🏢Địa chỉ : Ngõ 592 nhà 91 Trư'
[MSG] 5607388022277948830 (2A): 🌷30% - 10m  Mã: 🏆006

🏢Địa chỉ :  Ngõ 592 nhà 91 T...
[DEBUG_BUFFER] Adding text to buffer: '2A 🌷 - 10m Mã: 🏆006\n\n🏢Địa chỉ : Ngõ 592 nhà 91 Trư'
[MSG] 5607388022277948830 (2A): P302-402...
[DEBUG_BUFFER] Adding text to buffer: 'P302-402'
[MSG] 3053601108637848367 (2A): P302-402...
[DEBUG_BUFFER] Adding text to buffer: 'P302-402'
[MSG] 3053601108637848367 (2A): Message(title='', description='', href='https://ph...
[MSG] 5607388022277948830 (2A): Message(title='', description='', href='https://ph...
[MSG] 3053601108637848367 (2A): Message(title='', description='', href='https://ph...
[MSG] 5607388022277948830 (2A): Message(title='', description='', href='https://ph...
[MSG] 3053601108637848367 (2A): Message(title='', description='', href='https://ph...
[MSG] 5607388022277948830 (2A): Message(title='', description='', href='https://ph...
[MSG] 3053601108637848367 (2A): Message(title='', description='', href='https://ph...
[MSG] 5607388022277948830 (2A): Message(title='', description='', href='https://ph...
[MSG] 3053601108637848367 (2A): Message(title='', description='', href='https://ph...
[MSG] 5607388022277948830 (2A): Message(title='', description='', href='https://ph...
[HEARTBEAT] Listener running. Buffers: 5. Uptime: 0.2h
[MSG] 5607388022277948830 (2A): p203...
[DEBUG_BUFFER] Adding text to buffer: 'p203'
[MSG] 3053601108637848367 (2A): p203...
[DEBUG_BUFFER] Adding text to buffer: 'p203'
[MSG] 3053601108637848367 (2A): Message(title='', description='', href='https://ph...
[MSG] 5607388022277948830 (2A): Message(title='', description='', href='https://ph...
[MSG] 3053601108637848367 (2A): Message(title='', description='', href='https://ph...
[MSG] 5607388022277948830 (2A): Message(title='', description='', href='https://ph...
[MSG] 3053601108637848367 (2A): Message(title='', description='', href='https://ph...
[MSG] 5607388022277948830 (2A): Message(title='', description='', href='https://ph...
[MSG] 3053601108637848367 (2A): Message(title='', description='', href='https://ph...
[MSG] 5607388022277948830 (2A): Message(title='', description='', href='https://ph...
[MSG] 3053601108637848367 (2A): Message(title='', description='', href='https://ph...
[MSG] 5607388022277948830 (2A): Message(title='', description='', href='https://ph...
[MSG] 5607388022277948830 (2A): 🌷30% - 10m Mã: 🏆006

🏢Địa chỉ : Ngõ 426 ngách 48 n...
[SESSION] Listing mới + media cũ → đóng session cũ của 2A
[DEBUG_BUFFER] Adding text to buffer: '2A 🌷 - 10m Mã: 🏆006\n\n🏢Địa chỉ : Ngõ 426 ngách 48 n'
[QUEUE] ✓ Enqueued 1 sessions.
[MSG] 3053601108637848367 (2A): 🌷30% - 10m Mã: 🏆006

🏢Địa chỉ : Ngõ 426 ngách 48 n...
[SESSION] Listing mới + media cũ → đóng session cũ của 2A
[DEDUPE] 🚫 Bỏ qua nội dung trùng lặp (Hash: f7393e8222e933c36ade20244ed336a8)
[DEBUG_BUFFER] Adding text to buffer: '2A 🌷 - 10m Mã: 🏆006\n\n🏢Địa chỉ : Ngõ 426 ngách 48 n'
[MSG] 3053601108637848367 (2A): Message(title='', description='', href='https://ph...
[MSG] 5607388022277948830 (2A): Message(title='', description='', href='https://ph...
[MSG] 3053601108637848367 (2A): Message(title='', description='', href='https://ph...
[MSG] 5607388022277948830 (2A): Message(title='', description='', href='https://ph...
[MSG] 3053601108637848367 (2A): Message(title='', description='', href='https://ph...
[MSG] 5607388022277948830 (2A): Message(title='', description='', href='https://ph...
[MSG] 3053601108637848367 (2A): Message(title='', description='', href='https://ph...
[MSG] 5607388022277948830 (2A): Message(title='', description='', href='https://ph...
[MSG] 3053601108637848367 (2A): Message(title='', description='', href='https://ph...
[MSG] 5607388022277948830 (2A): Message(title='', description='', href='https://ph...
[MSG] 3053601108637848367 (2A): Message(title='', description='', href='https://ph...
[MSG] 5607388022277948830 (2A): Message(title='', description='', href='https://ph...
[MSG] 3053601108637848367 (2A): Message(title='', description='', href='https://ph...
[MSG] 5607388022277948830 (2A): Message(title='', description='', href='https://ph...
[MSG] 5607388022277948830 (2A): 🌷30% - 10m Mã: 🏆006

🏢Địa chỉ : Ngõ 426 ngách 48 n...
[SESSION] Listing mới + media cũ → đóng session cũ của 2A
[DEBUG_BUFFER] Adding text to buffer: '2A 🌷 - 10m Mã: 🏆006\n\n🏢Địa chỉ : Ngõ 426 ngách 48 n'
[QUEUE] ✓ Enqueued 1 sessions.
[MSG] 3053601108637848367 (2A): 🌷30% - 10m Mã: 🏆006

🏢Địa chỉ : Ngõ 426 ngách 48 n...
[SESSION] Listing mới + media cũ → đóng session cũ của 2A
[DEDUPE] 🚫 Bỏ qua nội dung trùng lặp (Hash: 8a1600651e35931e2911e5d86cae7d66)
[DEBUG_BUFFER] Adding text to buffer: '2A 🌷 - 10m Mã: 🏆006\n\n🏢Địa chỉ : Ngõ 426 ngách 48 n'
[MSG] 3053601108637848367 (2A): Message(title='', description='', href='https://ph...
[MSG] 5607388022277948830 (2A): Message(title='', description='', href='https://ph...
[MSG] 3053601108637848367 (2A): Message(title='', description='', href='https://ph...
[MSG] 5607388022277948830 (2A): Message(title='', description='', href='https://ph...
[MSG] 3053601108637848367 (2A): Message(title='', description='', href='https://ph...
[MSG] 5607388022277948830 (2A): Message(title='', description='', href='https://ph...
[MSG] 3053601108637848367 (2A): Message(title='', description='', href='https://ph...
[MSG] 5607388022277948830 (2A): Message(title='', description='', href='https://ph...
[MSG] 3053601108637848367 (2A): Message(title='', description='', href='https://ph...
[MSG] 5607388022277948830 (2A): Message(title='', description='', href='https://ph...
[MSG] 3053601108637848367 (2A): Message(title='', description='', href='https://vi...
[MSG] 5607388022277948830 (2A): Message(title='', description='', href='https://vi...
[MSG] 5607388022277948830 (2A): 🌷30% - 10m Mã: 🏆006

🏢Địa chỉ :519 Xuân Đỉnh  - Qu...
[SESSION] Listing mới + media cũ → đóng session cũ của 2A
[DEBUG_BUFFER] Adding text to buffer: '2A 🌷 - 10m Mã: 🏆006\n\n🏢Địa chỉ :519 Xuân Đỉnh - Quậ'
[QUEUE] ✓ Enqueued 1 sessions.
[MSG] 3053601108637848367 (2A): 🌷30% - 10m Mã: 🏆006

🏢Địa chỉ :519 Xuân Đỉnh  - Qu...
[SESSION] Listing mới + media cũ → đóng session cũ của 2A
[DEDUPE] 🚫 Bỏ qua nội dung trùng lặp (Hash: 520bbf284169bc0b52cc04f9d57abf5c)
[DEBUG_BUFFER] Adding text to buffer: '2A 🌷 - 10m Mã: 🏆006\n\n🏢Địa chỉ :519 Xuân Đỉnh - Quậ'
[MSG] 3053601108637848367 (2A): Message(title='', description='', href='https://ph...
[MSG] 5607388022277948830 (2A): Message(title='', description='', href='https://ph...
[MSG] 3053601108637848367 (2A): Message(title='', description='', href='https://ph...
[MSG] 5607388022277948830 (2A): Message(title='', description='', href='https://ph...
[MSG] 3053601108637848367 (2A): Message(title='', description='', href='https://ph...
[MSG] 5607388022277948830 (2A): Message(title='', description='', href='https://ph...
[MSG] 3053601108637848367 (2A): Message(title='', description='', href='https://ph...
[MSG] 5607388022277948830 (2A): Message(title='', description='', href='https://ph...
[MSG] 3053601108637848367 (2A): Message(title='', description='', href='https://vi...
[MSG] 5607388022277948830 (2A): Message(title='', description='', href='https://vi...
[MSG] 5607388022277948830 (2A): 🌷30% - 10m Mã: 🏆006

🏢Địa chỉ : Ngõ 37/11 nhà số 1...
[SESSION] Listing mới + media cũ → đóng session cũ của 2A
[DEBUG_BUFFER] Adding text to buffer: '2A 🌷 - 10m Mã: 🏆006\n\n🏢Địa chỉ : Ngõ 37/11 nhà số 1'
[QUEUE] ✓ Enqueued 1 sessions.
[MSG] 3053601108637848367 (2A): 🌷30% - 10m Mã: 🏆006

🏢Địa chỉ : Ngõ 37/11 nhà số 1...
[SESSION] Listing mới + media cũ → đóng session cũ của 2A
[DEDUPE] 🚫 Bỏ qua nội dung trùng lặp (Hash: 11cc01edf4a2f46acecc4e016a7e8f0d)
[DEBUG_BUFFER] Adding text to buffer: '2A 🌷 - 10m Mã: 🏆006\n\n🏢Địa chỉ : Ngõ 37/11 nhà số 1'
[MSG] 3053601108637848367 (2A): Message(title='', description='', href='https://ph...
[MSG] 5607388022277948830 (2A): Message(title='', description='', href='https://ph...
[MSG] 3053601108637848367 (2A): Message(title='', description='', href='https://ph...
[MSG] 5607388022277948830 (2A): Message(title='', description='', href='https://ph...
[MSG] 3053601108637848367 (2A): Message(title='', description='', href='https://ph...
[MSG] 5607388022277948830 (2A): Message(title='', description='', href='https://ph...
[MSG] 3053601108637848367 (2A): Message(title='', description='', href='https://ph...
[MSG] 5607388022277948830 (2A): Message(title='', description='', href='https://ph...
[HEARTBEAT] Listener running. Buffers: 5. Uptime: 0.2h
[MSG] 5607388022277948830 (2A): Message(globalMsgId=7963110049405, cliMsgId=178210...
[MSG] 5607388022277948830 (2A): Message(rMsg=[{'gMsgID': 7962525369565, 'cMsgID': ...
[MSG] 3053601108637848367 (2A): Message(globalMsgId=7963110054952, cliMsgId=178210...
[MSG] 3053601108637848367 (2A): 🌷30% - 10m Mã: 🏆006

🏢Địa chỉ : Ngõ 37/11 nhà số 1...
[SESSION] Listing mới + media cũ → đóng session cũ của 2A
[DEBUG_BUFFER] Adding text to buffer: '2A 🌷 - 10m Mã: 🏆006\n\n🏢Địa chỉ : Ngõ 37/11 nhà số 1'
[QUEUE] ✓ Enqueued 1 sessions.
[MSG] 5607388022277948830 (2A): 🌷30% - 10m Mã: 🏆006

🏢Địa chỉ : Ngõ 37/11 nhà số 1...
[SESSION] Listing mới + media cũ → đóng session cũ của 2A
[DEDUPE] 🚫 Bỏ qua nội dung trùng lặp (Hash: 428ff92c6c341ad9b168cf74a369e003)
[DEBUG_BUFFER] Adding text to buffer: '2A 🌷 - 10m Mã: 🏆006\n\n🏢Địa chỉ : Ngõ 37/11 nhà số 1'
[MSG] 5607388022277948830 (2A): P504...
[DEBUG_BUFFER] Adding text to buffer: 'P504'
[MSG] 3053601108637848367 (2A): P504...
[DEBUG_BUFFER] Adding text to buffer: 'P504'
[MSG] 3053601108637848367 (2A): Message(title='', description='', href='https://ph...
[MSG] 5607388022277948830 (2A): Message(title='', description='', href='https://ph...
[MSG] 3053601108637848367 (2A): Message(title='', description='', href='https://ph...
[MSG] 5607388022277948830 (2A): Message(title='', description='', href='https://ph...
[MSG] 3053601108637848367 (2A): Message(title='', description='', href='https://ph...
[MSG] 5607388022277948830 (2A): Message(title='', description='', href='https://ph...
[MSG] 3053601108637848367 (2A): Message(title='', description='', href='https://ph...
[MSG] 5607388022277948830 (2A): Message(title='', description='', href='https://ph...
[MSG] 5607388022277948830 (2A): P202-302-402...
[DEBUG_BUFFER] Adding text to buffer: 'P202-302-402'
[MSG] 3053601108637848367 (2A): P202-302-402...
[DEBUG_BUFFER] Adding text to buffer: 'P202-302-402'
[MSG] 3053601108637848367 (2A): Message(title='', description='', href='https://ph...
[MSG] 5607388022277948830 (2A): Message(title='', description='', href='https://ph...
[MSG] 3053601108637848367 (2A): Message(title='', description='', href='https://ph...
[MSG] 5607388022277948830 (2A): Message(title='', description='', href='https://ph...
[MSG] 3053601108637848367 (2A): Message(title='', description='', href='https://ph...
[MSG] 5607388022277948830 (2A): Message(title='', description='', href='https://ph...
[MSG] 3053601108637848367 (2A): Message(title='', description='', href='https://ph...
[MSG] 5607388022277948830 (2A): Message(title='', description='', href='https://ph...
[MSG] 3053601108637848367 (2A): Message(title='', description='', href='https://ph...
[MSG] 5607388022277948830 (2A): Message(title='', description='', href='https://ph...
[MSG] 3053601108637848367 (2A): Message(title='', description='', href='https://ph...
[MSG] 5607388022277948830 (2A): Message(title='', description='', href='https://ph...
[SUPERVISOR] Starting listener thread... (Restart #1)
[SYSTEM] Initializing ZaloListener...
 DEBUG  Light Đang Loging Vào Acc None...
 LOGIN  Login of 84565388949 successful.
[IO_THREAD] Started writer for pending_queue.json
[LISTENER] Scanning Input Groups...
[Input] ✓ Found: 🐎TNR HOME - DƯỚI 4TR → 1a1
[Input] ✓ Found: Đăng bài HN → đăng bài hn
[Input] ✓ Found: HT - 08 🌹TimeHouse - Nguồn Phòng → Timehouse
[Input] ✓ Found: <PHÒNG>NỘI ĐÔ-CCMN-PHÒNG TRỌ → 8a
[Input] ✓ Found: Nguồn PANDA HOME🐼💎 → 11a1
[Input] ✓ Found: PHÒNG TỐT HN - TRÊN 5TR → phongtot4
[Input] ✓ Found: THUÊ QUẬN HOÀNG MAI - THANH TRÌ → việt quốc 1
[Input] ✓ Found: PANDA HOME- 2N1K + 3N1K → 11a3
[Input] ✓ Found: CĂN HỘ - CHUNG CƯ CAO CẤP → tc 2
[Input] ✓ Found: PHÒNG TỐT HN - Mã A -Dưới 4tr → phongtot2
[Input] ✓ Found: BK HOME → sh48
[Input] ✓ Found: THÔNG TIN PHÒNG AVHOME🏩 → avhome
[Input] ✓ Found: Ctv BK Home e kha - a Toàn SH48 → sh48
[Input] ✓ Found: NGUỒN PHÒNG TRỌ TOÀN HÀ NỘI - TÀI PHÁT LAND → Tài phát
[Input] ✓ Found: MẶT BẰNG KINH DOANH - VĂN PHÒNG → tc 4
[Input] ✓ Found: Nguồn Phòng Full House🍀🍀 → 12a
[Input] ✓ Found: FAMILY HOMES 1 - PHÒNG TRỐNG THIENTAM → family
[Input] ✓ Found: Cập Nhập Phòng Trọ Ccmn KingLand, Nhóm 2 → kingland
[Input] ✓ Found: TUẤN ANH- CHDV- KS -NN - Homestay Mới HN → Tuananh CHDV 1
[Input] ✓ Found: (1) Nguồn Phòng✅ NT Home → NT HOME
[Input] ✓ Found: Tuấn Anh- CHDV- Homestay- KS-NN Cải Tạo → Tuananh CHDV 2
[Input] ✓ Found: NGUỒN THUÊ CHUNG CƯ LINH ĐÀM + ĐẠI THANH → việt quốc 2
[Input] ✓ Found: ❤️ Npland - Sale Phòng HN❤️ → npland
[Input] ✓ Found: TÂY HỒ- BA ĐÌNH- HOÀN KIẾM- HAI BÀ TRƯNG → Tài land 3
[Input] ✓ Found: Phòng đẹp < 3TR5- 4TR HN 2 → lily 2
[Input] ✓ Found: TNR HOME - MBKD + CHDV + MBKD + CC CAO CẤP → 1a
[Input] ✓ Found: NGUỒN PHÒNG NV HOME → nvhome 1
[Input] ✓ Found: Phòng đẹp < 3TR5- 4TR HN → lily 2
[Input] ✓ Found: 🦁 🌹NGUỒN HÀNG SAPPHIRE HOUSE TT 🌹 → 14a
[Input] ✓ Found: DL Homes 💎 → dl
[Input] ✓ Found: NGUỒN HÀNG 3M HOME (04) → 3M
[Input] ✓ Found: Đẩy Phòng A.Tuấn TDLand 🫡 → tdland
[Input] ✓ Found: 3H - Home 🏠 → 3H
[Input] ✓ Found: Nguồn phòng Tùng Phát Homes → 7a
[Input] ✓ Found: TRÊN 20 NGUỒN Nguyên Căn Mbkd ĐẠI LỘC LAND → Đại lộc land 2
[Input] ✓ Found: ☣️NGUỒN TP HOMES - CCMN, Phòng Trọ Hà Nội → tphomes
[Input] ✓ Found: NOVA HOME - Nguồn hàng 1 🍀 → Nova
[Input] ✓ Found: NGUỒN HÀNG BEE HOME🐝🐝 → BEE HOME
[Input] ✓ Found: CTV NHÀ NGUYÊN CĂN → Tc 1
[Input] ✓ Found: BGO Home - Nguồn Phòng → 5a
[Input] ✓ Found: DIAMOND HOMES 3 🏡 → 10a
[Input] ✓ Found: 🏡 < 4tr5 . NGUỒN PANDA HOME → 11a2
[Input] ✓ Found: 🚀QUỸ PHÒNG🚀HOME88💎 → 13a
[Input] ✓ Found: [ Dũng] Nguồn CHDV1 0346259198 → Dũng CHDV
[Input] ✓ Found: Nhóm nguồn ctv Phương Thảo → phương thảo
[Input] ✓ Found: 5️⃣🏆TL21House🏆 - Giá Rẻ → 2a2
[Input] ✓ Found: 🎶NGUỒN HDHOME🎶 → hdhome
[Input] ✓ Found: DƯỚI 20 NGUỒN Nguyên Căn Mbkd ĐẠI LỘC LAND → Đại lộc land 1
[Input] ✓ Found: Nguồn Thanh Xuân Đống Đa Ba Đình Hà Đông → Tài land 2
[Input] ✓ Found: 🐺💥HT F&F HOME💥🐺 → 3a
[Input] ✓ Found: CTV Quỹ Thuê - VinSmartcity❤️🔥 → Vinsmartcity
[Input] ✓ Found: N34 - Nhóm nguồn CHDV VIP Hà Nội → N34 CHDV
[Input] ✓ Found: NK - Homes → nk
[Input] ✓ Found: Đẩy Phòng QT Apartment → invest
[Input] ✓ Found: [2]🏠HHOUSE🤝NGUỒN HÀNG DƯỚI 4TR(1) → hhouse2
[Input] ✓ Found: CHINH TRẦN - NGUỒN CHDV... KS → Chinh trần CHDV
[Input] ✓ Found: NGUỒN PHÒNG HM HOME → hm
[Input] ✓ Found: 🐝🌹 NGUỒN HÀNG 95 HOME → 9a
[Input] ✓ Found: THUÊ CHUNG CƯ KIM VĂN KIM LŨ + KIM GIANG → việt quốc 3
[Input] ✓ Found: Alophongtro-Phòng trống → Alophongtro
[Input] ✓ Found: Khu Vực Cầu Giấy - Nam Từ Liêm → havenhouse
[Input] ✓ Found: AGP HOME- NGUỒN PHÒNG → agp
[Input] ✓ Found: PHÒNG TỐT HN - Mã A - Nhà Mới → phongtot5
[Input] ✓ Found: Nguồn Chdv Chọn Lọc → CHDV chọn lọc
[Input] ✓ Found: CTV Phòng trọ & CCMN sinh viên Hà Nội → ctv
[Input] ✓ Found: Dragon.Nguồn Hàng → dragon
[Input] ✓ Found: PHÒNG TỐT HN - DƯỚI 5 TR → phongtot1
[Input] ✓ Found: 🐎TNR HOME - 2N + 3N + 4N + PENTHOUSE → 1a3
[Input] ✓ Found: NGUỒN PHÒNG CD 😍😍😍 → 4a
[Input] ✓ Found: 🏆TL21House🏆- NGUỒN TỔNG → 2a1
[Input] ✓ Found: KT HOMES 🐣 → KT
[Input] ✓ Found: AE LAND - PHÒNG TRỐNG CTV → AE LAND 1
[Input] ✓ Found: ND HOME - 🌹NGUỒN HÀNG NGON🌹 → ND
[Input] ✓ Found: NOVA HOME - Nguồn hàng 2 - Phòng giá rẻ <4tr → Nova
[Input] ✓ Found: [1]🏠 NGUỒN HÀNG HHOUSE 🤝NGUỒN HÀNG TỪ 4TR (1) → hhouse1
[Input] ✓ Found: 🔥🔥𝙎𝙇𝙀𝙀𝙋𝘽🅞𝙓 & 𝘿🅞𝙍𝙈 𝙃À 𝙉Ộ𝙄 ❤ → sleepbox
[Input] ✓ Found: 🐎TNR HOME - TRÊN 4TR → 1a2
[Input] ✓ Found: NHÀ TẬP THỂ HÀ NỘI → tc 3
[Input] ✓ Found: NGUỒN MBKD. NHÀ RIÊNG → Chinhtran
[LISTENER] ✓ Scanned 79 input groups.
[LISTENER] Initialized with ACC1. Listening for messages...
 DEBUG  Listening...
[MSG] 7017693843382491948 (AE LAND 1): 🌹  12th - 40% 
🔐  Mã  N222  - Thanh Xuân
🏠 Địa chỉ...
[DEBUG_BUFFER] Adding text to buffer: 'AE LAND 1 12th -\n🔐 Mã N222 - Thanh Xuân\n🏠 Địa chỉ:'
[MSG] 8324134224549326794 (4a): Message(title='', description='', href='https://ph...
[SESSION] Orphan photo (chưa có text). Bỏ qua.
[MSG] 8324134224549326794 (4a): Message(title='', description='', href='https://ph...
[SESSION] Orphan photo (chưa có text). Bỏ qua.
[MSG] 8324134224549326794 (4a): Message(title='', description='', href='https://ph...
[SESSION] Orphan photo (chưa có text). Bỏ qua.
[MSG] 8324134224549326794 (4a): Message(title='', description='', href='https://ph...
[SESSION] Orphan photo (chưa có text). Bỏ qua.
[MSG] 8324134224549326794 (4a): Message(title='', description='', href='https://ph...
[SESSION] Orphan photo (chưa có text). Bỏ qua.
[MSG] 8324134224549326794 (4a): Message(title='', description='', href='https://vi...
[SESSION] Orphan video (chưa có text). Bỏ qua.
[MSG] 3663272068970134937 (family): 📰 Mã Toà Nhà: F198 
📰 Địa Chỉ: Ngõ 28B Điện Biên P...
[DEBUG_BUFFER] Adding text to buffer: 'family 📰 Mã Toà Nhà: F198\n📰 Địa Chỉ: Ngõ 28B Điện '
[MSG] 7017693843382491948 (AE LAND 1): Phòng 701 : 1N1K giá 7tr2...
[SESSION] Listing mới + text cũ → đóng session cũ của AE LAND 1
[DEBUG_BUFFER] Adding text to buffer: 'AE LAND 1 Phòng 701 : 1N1K giá 7tr2'
[QUEUE] ✓ Enqueued 1 sessions.
[MSG] 7017693843382491948 (AE LAND 1): Message(title='', description='', href='https://f6...
[MSG] 7017693843382491948 (AE LAND 1): Message(title='', description='', href='https://f6...
[MSG] 7017693843382491948 (AE LAND 1): Message(title='', description='', href='https://f6...
[MSG] 7017693843382491948 (AE LAND 1): Message(title='', description='', href='https://f6...
[MSG] 7017693843382491948 (AE LAND 1): Message(title='', description='', href='https://f6...
[MSG] 7017693843382491948 (AE LAND 1): Message(title='', description='', href='https://f6...
[MSG] 7017693843382491948 (AE LAND 1): Message(title='', description='', href='https://f6...
[MSG] 8324134224549326794 (4a): Message(id=47980, catId=12066, type=3, extInfo=Non...
[MSG] 8324134224549326794 (4a): Địa chỉ : 229 đường Cổ Nhuế - Bắc Từ liêm ( nhà mặ...
[DEBUG_BUFFER] Adding text to buffer: '4a Địa chỉ : 229 đường Cổ Nhuế - Bắc Từ liêm ( nhà'
[MSG] 8324134224549326794 (4a): Message(title='', description='', href='https://ph...
[MSG] 8324134224549326794 (4a): Message(title='', description='', href='https://ph...
[MSG] 8324134224549326794 (4a): Message(title='', description='', href='https://ph...
[MSG] 8324134224549326794 (4a): Message(title='', description='', href='https://ph...
[MSG] 8324134224549326794 (4a): Message(title='', description='', href='https://ph...
[MSG] 8324134224549326794 (4a): Message(title='', description='', href='https://ph...
[MSG] 8324134224549326794 (4a): Message(id=47981, catId=12066, type=3, extInfo=Non...
[MSG] 7017693843382491948 (AE LAND 1): Message(title='', description='', href='https://f1...
[MSG] 8324134224549326794 (4a): Địa chỉ : ngách 35 ngõ 123 Xuân Phương - Nam từ Li...
[SESSION] Listing mới + media cũ → đóng session cũ của 4a
[DEBUG_BUFFER] Adding text to buffer: '4a Địa chỉ : ngách 35 ngõ 123 Xuân Phương - Nam từ'
[QUEUE] ✓ Enqueued 1 sessions.
[MSG] 8324134224549326794 (4a): Message(title='', description='', href='https://ph...
[MSG] 8324134224549326794 (4a): Message(title='', description='', href='https://ph...
[MSG] 8324134224549326794 (4a): Message(title='', description='', href='https://ph...
[MSG] 8324134224549326794 (4a): Message(title='', description='', href='https://ph...
[MSG] 8324134224549326794 (4a): Message(title='', description='', href='https://ph...
[MSG] 8324134224549326794 (4a): Message(title='', description='', href='https://ph...
[MSG] 8324134224549326794 (4a): Message(title='', description='', href='https://vi...
[MSG] 8324134224549326794 (4a): Message(title='', description='', href='https://vi...
[MSG] 8324134224549326794 (4a): Message(title='', description='', href='https://vi...
[MSG] 8324134224549326794 (4a): Message(title='', description='', href='https://vi...
[MSG] 8324134224549326794 (4a): Message(title='', description='', href='https://vi...
[MSG] 8324134224549326794 (4a): Message(title='', description='', href='https://vi...
[HEARTBEAT] Listener running. Buffers: 3. Uptime: 0.0h
[MSG] 7017693843382491948 (AE LAND 1): Phòng 702 : Studio giá 6tr6...
[SESSION] Listing mới + media cũ → đóng session cũ của AE LAND 1
[DEBUG_BUFFER] Adding text to buffer: 'AE LAND 1 Phòng 702 : Studio giá 6tr6'
[QUEUE] ✓ Enqueued 1 sessions.
[MSG] 726549256284292698 (1a2): Message(title='', description='', href='https://vi...
[SESSION] Orphan video (chưa có text). Bỏ qua.
[MSG] 7017693843382491948 (AE LAND 1): Message(title='', description='', href='https://f6...
[MSG] 7017693843382491948 (AE LAND 1): Message(title='', description='', href='https://f6...
[MSG] 7017693843382491948 (AE LAND 1): Message(title='', description='', href='https://f6...
[MSG] 7017693843382491948 (AE LAND 1): Message(title='', description='', href='https://f6...
[MSG] 7017693843382491948 (AE LAND 1): Message(title='', description='', href='https://f6...
[MSG] 7017693843382491948 (AE LAND 1): Message(title='', description='', href='https://f6...
[MSG] 7017693843382491948 (AE LAND 1): Message(title='', description='', href='https://f6...
[MSG] 7017693843382491948 (AE LAND 1): Message(title='', description='', href='https://f6...
[MSG] 7017693843382491948 (AE LAND 1): Message(title='', description='', href='https://f1...
[MSG] 3572540813945634011 (nvhome 1): 🌹 40% 12th                   Mã NVH02
            ...
[DEBUG_BUFFER] Adding text to buffer: 'nvhome 1 12th Mã NVH02\n🏠 Địa chỉ: Số nhà 84 mặt ph'
[MSG] 8324134224549326794 (4a): Message(id=47982, catId=12066, type=3, extInfo=Non...
[MSG] 7017693843382491948 (AE LAND 1): Phòng 703 : Studio giá 5tr4...
[SESSION] Listing mới + media cũ → đóng session cũ của AE LAND 1
[DEBUG_BUFFER] Adding text to buffer: 'AE LAND 1 Phòng 703 : Studio giá 5tr4'
[QUEUE] ✓ Enqueued 1 sessions.
[MSG] 7017693843382491948 (AE LAND 1): Message(title='', description='', href='https://ph...
[MSG] 7017693843382491948 (AE LAND 1): Message(title='', description='', href='https://ph...
[MSG] 7017693843382491948 (AE LAND 1): Message(title='', description='', href='https://ph...
[MSG] 7017693843382491948 (AE LAND 1): Message(title='', description='', href='https://ph...
[MSG] 7017693843382491948 (AE LAND 1): Message(title='', description='', href='https://ph...
[MSG] 7017693843382491948 (AE LAND 1): Message(title='', description='', href='https://ph...
[MSG] 7017693843382491948 (AE LAND 1): Message(title='', description='', href='https://ph...
[MSG] 8324134224549326794 (4a): Địa chỉ : 150 Đình Thôn - Nam Từ Liêm 

Trống Phòn...
[SESSION] Listing mới + media cũ → đóng session cũ của 4a
[DEBUG_BUFFER] Adding text to buffer: '4a Địa chỉ : 150 Đình Thôn - Nam Từ Liêm\n\nTrống Ph'
[QUEUE] ✓ Enqueued 1 sessions.
[MSG] 8324134224549326794 (4a): Message(title='', description='', href='https://f6...
[MSG] 8324134224549326794 (4a): Message(title='', description='', href='https://f6...
[MSG] 4821092087160405160 (12a): Message(globalMsgId=7963562233690, cliMsgId=178211...
[MSG] 3572540813945634011 (nvhome 1): Message(title='', description='', href='https://vi...
[MSG] 3572540813945634011 (nvhome 1): Message(title='', description='', href='https://vi...
[MSG] 3572540813945634011 (nvhome 1): Message(title='', description='', href='https://f1...
[HEARTBEAT] Listener running. Buffers: 4. Uptime: 0.0h
[MSG] 3572540813945634011 (nvhome 1): Message(id=23411, catId=10431, type=3, extInfo=Non...
[MSG] 8324134224549326794 (4a): Message(id=1481, catId=65, type=3, extInfo=None)...
[MSG] 726549256284292698 (1a2): 🌺 Hh40% 6th             Mã: A317

🏠 Địa chỉ: Số 10...
[DEBUG_BUFFER] Adding text to buffer: '1a Hh 6th Mã: A317\n\n🏠 Địa chỉ: Số 10 Ngõ 32/84/38 '
[MSG] 8324134224549326794 (4a): Địa chỉ số nhà 29B, ngõ 302 đường Láng - Đống Đa 
...
[SESSION] Listing mới + media cũ → đóng session cũ của 4a
[DEBUG_BUFFER] Adding text to buffer: '4a Địa chỉ số nhà 29B, ngõ 302 đường Láng - Đống Đ'
[QUEUE] ✓ Enqueued 1 sessions.
[MSG] 8324134224549326794 (4a): Message(title='', description='', href='https://ph...
[MSG] 8324134224549326794 (4a): Message(title='', description='', href='https://ph...
[MSG] 8324134224549326794 (4a): Message(title='', description='', href='https://ph...
[MSG] 8324134224549326794 (4a): Message(title='', description='', href='https://ph...
[MSG] 8324134224549326794 (4a): Message(title='', description='', href='https://ph...
[MSG] 8324134224549326794 (4a): Message(title='', description='', href='https://ph...
[MSG] 726549256284292698 (1a2): Message(title='', description='', href='https://ph...
[MSG] 726549256284292698 (1a2): Message(title='', description='', href='https://ph...
[MSG] 726549256284292698 (1a2): Message(title='', description='', href='https://ph...
[MSG] 726549256284292698 (1a2): Message(title='', description='', href='https://ph...
[MSG] 726549256284292698 (1a2): Message(title='', description='', href='https://ph...
[MSG] 4821092087160405160 (12a): 🌹40%.      HD 12 tháng.     Mã 606

🏢Địa chỉ: Ngõ ...
[FIX-LISTENER] Timeline reordered for 12a. Reply → top, rest preserved in order.
[QUEUE] ✓ Enqueued 1 sessions.
[MSG] 8324134224549326794 (4a): Message(id=1482, catId=65, type=3, extInfo=None)...
[MSG] 8324134224549326794 (4a): Địa chỉ : 266 Hoàng Công Chất - Phú diễn - Bắc Từ ...
[SESSION] Listing mới + media cũ → đóng session cũ của 4a
[DEBUG_BUFFER] Adding text to buffer: '4a Địa chỉ : 266 Hoàng Công Chất - Phú diễn - Bắc '
[QUEUE] ✓ Enqueued 1 sessions.
[MSG] 2206089300911938258 (N34 CHDV): Nhượng CHDV Minh Khai - tổng 17 sudio
- full nội t...
[DEBUG_BUFFER] Adding text to buffer: 'N34 CHDV Nhượng CHDV Minh Khai - tổng 17 sudio\n- f'
[MSG] 8324134224549326794 (4a): Message(title='', description='', href='https://ph...
[MSG] 8324134224549326794 (4a): Message(title='', description='', href='https://ph...
[MSG] 8324134224549326794 (4a): Message(title='', description='', href='https://ph...
[MSG] 8324134224549326794 (4a): Message(title='', description='', href='https://ph...
[HEARTBEAT] Listener running. Buffers: 6. Uptime: 0.1h
[MSG] 2206089300911938258 (N34 CHDV): Message(title='', description='', href='https://ph...
[MSG] 2206089300911938258 (N34 CHDV): Message(title='', description='', href='https://ph...
[MSG] 2206089300911938258 (N34 CHDV): Message(title='', description='', href='https://ph...
[MSG] 8324134224549326794 (4a): Message(id=1483, catId=65, type=3, extInfo=None)...
[MSG] 2206089300911938258 (N34 CHDV): Message(title='', description='', href='https://ph...
[MSG] 2206089300911938258 (N34 CHDV): Message(title='', description='', href='https://ph...
[MSG] 2206089300911938258 (N34 CHDV): Message(title='', description='', href='https://ph...
[MSG] 8324134224549326794 (4a): Địa chỉ : ngõ 58 ngách 23 Trần bình - Cầu Giấy  

...
[SESSION] Listing mới + media cũ → đóng session cũ của 4a
[DEBUG_BUFFER] Adding text to buffer: '4a Địa chỉ : ngõ 58 ngách 23 Trần bình - Cầu Giấy\n'
[QUEUE] ✓ Enqueued 1 sessions.
[MSG] 2206089300911938258 (N34 CHDV): Message(title='', description='', href='https://ph...
[MSG] 3572540813945634011 (nvhome 1): 🌹 40% 12th                   Mã NVH02
            ...
[SESSION] ⏰ Idle 90s → đóng session cũ của nvhome 1
[DEBUG_BUFFER] Adding text to buffer: 'nvhome 1 12th Mã NVH02\n🏠 Địa chỉ: Số nhà 84 mặt ph'
[QUEUE] ✓ Enqueued 1 sessions.
[MSG] 8324134224549326794 (4a): Message(title='', description='', href='https://ph...
[MSG] 8324134224549326794 (4a): Message(title='', description='', href='https://ph...
[MSG] 8324134224549326794 (4a): Message(title='', description='', href='https://ph...
[MSG] 8324134224549326794 (4a): Message(title='', description='', href='https://vi...
[MSG] 8324134224549326794 (4a): Message(id=1484, catId=65, type=3, extInfo=None)...
[MSG] 8324134224549326794 (4a): Địa chỉ : Ngách 23 ngõ 304 Hồ Tùng Mậu 

Trống phò...
[SESSION] Listing mới + media cũ → đóng session cũ của 4a
[DEBUG_BUFFER] Adding text to buffer: '4a Địa chỉ : Ngách 23 ngõ 304 Hồ Tùng Mậu\n\nTrống p'
[QUEUE] ✓ Enqueued 1 sessions.
[MSG] 8324134224549326794 (4a): Message(title='Phòng 203 : 2tr5', description='', ...
[MSG] 3572540813945634011 (nvhome 1): Message(title='', description='', href='https://f6...
[MSG] 3572540813945634011 (nvhome 1): Message(title='', description='', href='https://f6...
[MSG] 3572540813945634011 (nvhome 1): Message(title='', description='', href='https://f6...
[MSG] 3572540813945634011 (nvhome 1): Message(title='', description='', href='https://f6...
[MSG] 3572540813945634011 (nvhome 1): Message(title='', description='', href='https://f6...
[MSG] 3572540813945634011 (nvhome 1): Message(title='', description='', href='https://f6...
[MSG] 3572540813945634011 (nvhome 1): Message(title='', description='', href='https://f6...
[MSG] 3572540813945634011 (nvhome 1): Message(title='', description='', href='https://f1...
[MSG] 3572540813945634011 (nvhome 1): Message(title='', description='', href='https://f1...
[MSG] 8324134224549326794 (4a): Phòng 202 : 3tr3...
[DEBUG_BUFFER] Adding text to buffer: 'Phòng 202 : 3tr3'
[MSG] 8324134224549326794 (4a): Message(title='', description='', href='https://ph...
[MSG] 8324134224549326794 (4a): Message(title='', description='', href='https://ph...
[MSG] 8324134224549326794 (4a): Message(title='', description='', href='https://ph...
[MSG] 8324134224549326794 (4a): Message(title='', description='', href='https://ph...
[MSG] 3572540813945634011 (nvhome 1): Message(id=23423, catId=10431, type=3, extInfo=Non...
[MSG] 8324134224549326794 (4a): Phòng 104 : 3tr3...
[DEBUG_BUFFER] Adding text to buffer: 'Phòng 104 : 3tr3'
[MSG] 8324134224549326794 (4a): Message(title='', description='', href='https://ph...
[MSG] 8324134224549326794 (4a): Message(title='', description='', href='https://ph...
[MSG] 8324134224549326794 (4a): Message(title='', description='', href='https://ph...
[MSG] 8324134224549326794 (4a): Message(title='', description='', href='https://ph...
[MSG] 8324134224549326794 (4a): Message(id=1485, catId=65, type=3, extInfo=None)...
[HEARTBEAT] Listener running. Buffers: 6. Uptime: 0.1h
[MSG] 8324134224549326794 (4a): Địa chỉ : Số 23 Ngõ 397 Phạm Văn Đồng (Cạnh Công v...
[SESSION] Listing mới + media cũ → đóng session cũ của 4a
[DEBUG_BUFFER] Adding text to buffer: '4a Địa chỉ : Số 23 Ngõ 397 Phạm Văn Đồng (Cạnh Côn'
[QUEUE] ✓ Enqueued 1 sessions.
[MSG] 8324134224549326794 (4a): Message(title='', description='', href='https://ph...
[MSG] 8324134224549326794 (4a): Message(title='', description='', href='https://ph...
[MSG] 8324134224549326794 (4a): Message(title='', description='', href='https://ph...
[MSG] 8324134224549326794 (4a): Message(title='', description='', href='https://ph...
[MSG] 8324134224549326794 (4a): Message(title='', description='', href='https://ph...
[MSG] 8324134224549326794 (4a): Message(id=1486, catId=65, type=3, extInfo=None)...
[MSG] 3572540813945634011 (nvhome 1): 🌹 40% 12th                   Mã NVH02
            ...
[SESSION] ⏰ Idle 83s → đóng session cũ của nvhome 1
[DEBUG_BUFFER] Adding text to buffer: 'nvhome 1 12th Mã NVH02\n🏠 Địa chỉ: 36 Tân Triều ( Đ'
[QUEUE] ✓ Enqueued 1 sessions.
[HEARTBEAT] Listener running. Buffers: 6. Uptime: 0.1h
[MSG] 3572540813945634011 (nvhome 1): Message(title='', description='', href='https://f6...
[MSG] 3572540813945634011 (nvhome 1): Message(title='', description='', href='https://f6...
[MSG] 3572540813945634011 (nvhome 1): Message(title='', description='', href='https://f6...
[MSG] 3572540813945634011 (nvhome 1): Message(title='', description='', href='https://f6...
[MSG] 3572540813945634011 (nvhome 1): Message(title='', description='', href='https://f6...
[MSG] 3572540813945634011 (nvhome 1): Message(title='', description='', href='https://f6...
[MSG] 3572540813945634011 (nvhome 1): Message(title='', description='', href='https://f6...
[MSG] 3572540813945634011 (nvhome 1): Message(title='', description='', href='https://f6...
[MSG] 3572540813945634011 (nvhome 1): Message(title='', description='', href='https://f6...
[MSG] 8324134224549326794 (4a): Địa chỉ : ngõ 402/40 Mỹ đình 

Trống phòng tầng 2 ...
[SESSION] Listing mới + media cũ → đóng session cũ của 4a
[DEBUG_BUFFER] Adding text to buffer: '4a Địa chỉ : ngõ 402/40 Mỹ đình\n\nTrống phòng tầng '
[QUEUE] ✓ Enqueued 1 sessions.
[MSG] 3572540813945634011 (nvhome 1): Message(title='', description='', href='https://f6...
[MSG] 3572540813945634011 (nvhome 1): Message(title='', description='', href='https://f1...
[MSG] 3572540813945634011 (nvhome 1): Message(title='', description='', href='https://f1...
[MSG] 7970346812792253395 (1a1): 🌺 Hh40% 12th             Mã: A282

🏠 Địa chỉ: Ngõ ...
[DEBUG_BUFFER] Adding text to buffer: '1a Hh 12th Mã: A282\n\n🏠 Địa chỉ: Ngõ 432 Đội Cấn - '
[MSG] 8324134224549326794 (4a): Message(title='', description='', href='https://ph...
[MSG] 8324134224549326794 (4a): Message(title='', description='', href='https://ph...
[MSG] 8324134224549326794 (4a): Message(title='', description='', href='https://ph...
[MSG] 8324134224549326794 (4a): Message(title='', description='', href='https://ph...
[MSG] 8324134224549326794 (4a): Message(title='', description='', href='https://vi...
[MSG] 3572540813945634011 (nvhome 1): Message(title='', description='', href='https://f6...
[MSG] 3572540813945634011 (nvhome 1): Message(title='', description='', href='https://f6...
[MSG] 3572540813945634011 (nvhome 1): Message(title='', description='', href='https://f6...
[MSG] 3572540813945634011 (nvhome 1): Message(title='', description='', href='https://f6...
[MSG] 3572540813945634011 (nvhome 1): Message(title='', description='', href='https://f6...
[MSG] 3572540813945634011 (nvhome 1): Message(title='', description='', href='https://f6...
[MSG] 3572540813945634011 (nvhome 1): Message(title='', description='', href='https://f6...
[MSG] 3572540813945634011 (nvhome 1): Message(title='', description='', href='https://f6...
[MSG] 3572540813945634011 (nvhome 1): Message(title='', description='', href='https://f6...
[MSG] 7970346812792253395 (1a1): Message(title='', description='', href='https://f6...
[MSG] 7970346812792253395 (1a1): Message(title='', description='', href='https://f6...
[MSG] 7970346812792253395 (1a1): Message(title='', description='', href='https://f6...
[MSG] 7970346812792253395 (1a1): Message(title='', description='', href='https://f6...
[MSG] 3572540813945634011 (nvhome 1): Message(id=23423, catId=10431, type=3, extInfo=Non...
[HEARTBEAT] Listener running. Buffers: 6. Uptime: 0.1h
[MSG] 8324134224549326794 (4a): Message(id=1487, catId=65, type=3, extInfo=None)...
[MSG] 8324134224549326794 (4a): Địa chỉ : ngõ 1 Bùi Xương Trạch - Thanh Xuân 

- G...
[SESSION] Listing mới + media cũ → đóng session cũ của 4a
[DEBUG_BUFFER] Adding text to buffer: '4a Địa chỉ : ngõ 1 Bùi Xương Trạch - Thanh Xuân\n\n-'
[QUEUE] ✓ Enqueued 1 sessions.
[MSG] 8324134224549326794 (4a): Message(title='', description='', href='https://ph...
[MSG] 8324134224549326794 (4a): Message(title='', description='', href='https://ph...
[MSG] 8324134224549326794 (4a): Message(title='', description='', href='https://ph...
[MSG] 8324134224549326794 (4a): Message(title='', description='', href='https://ph...
[QUEUE] ✓ Enqueued 1 sessions.
[MSG] 8324134224549326794 (4a): Message(title='', description='', href='https://vi...
[MSG] 8324134224549326794 (4a): Message(id=1488, catId=65, type=3, extInfo=None)...
[MSG] 3572540813945634011 (nvhome 1): 🌹 40 % 12th                   Mã NVH02
           ...
[SESSION] ⏰ Idle 73s → đóng session cũ của nvhome 1
[DEBUG_BUFFER] Adding text to buffer: 'nvhome 1 12th Mã NVH02\n🏠 Địa chỉ: Số 7, ngách 1, n'
[QUEUE] ✓ Enqueued 1 sessions.
[HEARTBEAT] Listener running. Buffers: 5. Uptime: 0.1h
[MSG] 3572540813945634011 (nvhome 1): NL701- 1n1k-7tr2...
[DEBUG_BUFFER] Adding text to buffer: 'NL701- 1n1k-7tr2'
[MSG] 3572540813945634011 (nvhome 1): Message(title='', description='', href='https://f6...
[MSG] 3572540813945634011 (nvhome 1): Message(title='', description='', href='https://f6...
[MSG] 3572540813945634011 (nvhome 1): Message(title='', description='', href='https://f6...
[MSG] 3572540813945634011 (nvhome 1): Message(title='', description='', href='https://f6...
[MSG] 3572540813945634011 (nvhome 1): Message(title='', description='', href='https://f6...
[MSG] 3572540813945634011 (nvhome 1): Message(title='', description='', href='https://f6...
[MSG] 3572540813945634011 (nvhome 1): Message(title='', description='', href='https://f6...
[MSG] 3572540813945634011 (nvhome 1): Message(title='', description='', href='https://f1...
[MSG] 3572540813945634011 (nvhome 1): NL702- studio 6tr6...
[DEBUG_BUFFER] Adding text to buffer: 'NL702- studio 6tr6'
[MSG] 3572540813945634011 (nvhome 1): Message(title='', description='', href='https://f6...
[MSG] 3572540813945634011 (nvhome 1): Message(title='', description='', href='https://f6...
[MSG] 3572540813945634011 (nvhome 1): Message(title='', description='', href='https://f6...
[MSG] 3572540813945634011 (nvhome 1): Message(title='', description='', href='https://f6...
[MSG] 3572540813945634011 (nvhome 1): Message(title='', description='', href='https://f6...
[MSG] 3572540813945634011 (nvhome 1): Message(title='', description='', href='https://f6...
[MSG] 3572540813945634011 (nvhome 1): Message(title='', description='', href='https://f6...
[MSG] 3572540813945634011 (nvhome 1): Message(title='', description='', href='https://f6...
[MSG] 3572540813945634011 (nvhome 1): Message(title='', description='', href='https://f1...
[MSG] 3572540813945634011 (nvhome 1): NL703- stuido 5tr4...
[DEBUG_BUFFER] Adding text to buffer: 'NL703- stuido 5tr4'
[MSG] 3572540813945634011 (nvhome 1): Message(title='', description='', href='https://ph...
[MSG] 3572540813945634011 (nvhome 1): Message(title='', description='', href='https://ph...
[MSG] 3572540813945634011 (nvhome 1): Message(title='', description='', href='https://ph...
[MSG] 3572540813945634011 (nvhome 1): Message(title='', description='', href='https://ph...
[MSG] 3572540813945634011 (nvhome 1): Message(title='', description='', href='https://ph...
[MSG] 3572540813945634011 (nvhome 1): Message(title='', description='', href='https://ph...
[MSG] 7970346812792253395 (1a1): 🌺 Hh40% 12th              Mã: A282

🏠 Địa chỉ: Ngõ...
[SESSION] ⏰ Idle 104s → đóng session cũ của 1a1
[FIX-LISTENER] Prepending symbol 1a1 to text
[DEBUG_BUFFER] Adding text to buffer: '1a Hh 12th Mã: A282\n\n🏠 Địa chỉ: Ngõ 8 Ngách 151 Nh'
[QUEUE] ✓ Enqueued 1 sessions.
[MSG] 3572540813945634011 (nvhome 1): Message(title='', description='', href='https://ph...
[FIX-LISTENER] Prepending symbol 1a2 to text
[QUEUE] ✓ Enqueued 1 sessions.
[MSG] 3572540813945634011 (nvhome 1): Message(id=23411, catId=10431, type=3, extInfo=Non...
[MSG] 7970346812792253395 (1a1): P201 - 3tr1...
[FILTER] Text length 11 < min_length 200 for 1a1. Skip.
[HEARTBEAT] Listener running. Buffers: 4. Uptime: 0.1h
[MSG] 1551387869847505864 (dragon): 📰 Mã Toà Nhà: DG-133
📰 Địa Chỉ: Ngõ 41 Nguyễn Quốc...
[DEBUG_BUFFER] Adding text to buffer: 'dragon 📰 Mã Toà Nhà: DG-133\n📰 Địa Chỉ: Ngõ 41 Nguy'
[MSG] 7970346812792253395 (1a1): Message(title='', description='', href='https://f6...
[MSG] 7970346812792253395 (1a1): Message(title='', description='', href='https://f6...
[MSG] 7970346812792253395 (1a1): Message(title='', description='', href='https://f6...
[QUEUE] ✓ Enqueued 1 sessions.
[MSG] 6706520199592744541 (hhouse2): 🫶🏻 MN-192
🌹 30%- 6th
🌹 40%- 12th
📍 Địa chỉ: số 40 ...
[DEBUG_BUFFER] Adding text to buffer: 'hhouse2 🫶🏻 MN-192\n- 6th\n- 12th\n📍 Địa chỉ: số 40 ng'
[MSG] 1551387869847505864 (dragon): Message(title='', description='', href='https://ph...
[MSG] 1551387869847505864 (dragon): Message(title='', description='', href='https://ph...
[MSG] 1551387869847505864 (dragon): Message(title='', description='', href='https://ph...
[MSG] 1551387869847505864 (dragon): Message(title='', description='', href='https://ph...
[MSG] 1551387869847505864 (dragon): Message(title='', description='', href='https://ph...
[MSG] 7970346812792253395 (1a1): P504 - 3tr6...
[FILTER] Text length 11 < min_length 200 for 1a1. Skip.
[MSG] 2211579558850164478 (Đại lộc land 1): 🏠 CHO THUÊ NHÀ RIÊNG NGÕ 5x TRUNG VĂN 
‼️Diện Tích...
[DEBUG_BUFFER] Adding text to buffer: 'Đại lộc land 1 🏠 CHO THUÊ NHÀ RIÊNG NGÕ 5x TRUNG V'
[MSG] 8324134224549326794 (4a): Message(rType=20, rMsg=[{'cMsgID': 1781250218559, ...
[MSG] 8324134224549326794 (4a): Message(rType=20, rMsg=[{'cMsgID': 1781250218559, ...
[MSG] 8324134224549326794 (4a): Địa chỉ : ngách 205/37 Xuân Đỉnh - Bắc Từ Liêm ( đ...
[SESSION] ⏰ Idle 117s → đóng session cũ của 4a
[DEBUG_BUFFER] Adding text to buffer: '4a Địa chỉ : ngách 205/37 Xuân Đỉnh - Bắc Từ Liêm '
[QUEUE] ✓ Enqueued 1 sessions.
[MSG] 3572540813945634011 (nvhome 1): 🌹 40% 12th                   Mã NVH02
            ...
[SESSION] Listing mới + media cũ → đóng session cũ của nvhome 1
[DEBUG_BUFFER] Adding text to buffer: 'nvhome 1 12th Mã NVH02\n🏠 Địa chỉ: Số nhà 19, Ngõ 9'
[QUEUE] ✓ Enqueued 1 sessions.
[MSG] 8324134224549326794 (4a): Message(title='', description='', href='https://ph...
[MSG] 8324134224549326794 (4a): Message(title='', description='', href='https://ph...
[MSG] 8324134224549326794 (4a): Message(title='', description='', href='https://ph...
[MSG] 8324134224549326794 (4a): Message(title='', description='', href='https://ph...
[MSG] 8324134224549326794 (4a): Message(title='', description='', href='https://ph...
[MSG] 8324134224549326794 (4a): Message(title='', description='', href='https://ph...
[MSG] 8324134224549326794 (4a): Message(title='', description='', href='https://ph...
[MSG] 2211579558850164478 (Đại lộc land 1): Message(title='', description='', href='https://ph...
[MSG] 2211579558850164478 (Đại lộc land 1): Message(title='', description='', href='https://ph...
[MSG] 2211579558850164478 (Đại lộc land 1): Message(title='', description='', href='https://ph...
[MSG] 2211579558850164478 (Đại lộc land 1): Message(title='', description='', href='https://ph...
[MSG] 2211579558850164478 (Đại lộc land 1): Message(title='', description='', href='https://ph...
[MSG] 2211579558850164478 (Đại lộc land 1): Message(title='', description='', href='https://ph...
[MSG] 2211579558850164478 (Đại lộc land 1): Message(title='', description='', href='https://ph...
[MSG] 3572540813945634011 (nvhome 1): Message(title='', description='', href='https://f6...
[MSG] 3572540813945634011 (nvhome 1): Message(title='', description='', href='https://f6...
[MSG] 3572540813945634011 (nvhome 1): Message(title='', description='', href='https://f6...
[MSG] 3572540813945634011 (nvhome 1): Message(title='', description='', href='https://f6...
[MSG] 3572540813945634011 (nvhome 1): Message(title='', description='', href='https://f6...
[MSG] 2211579558850164478 (Đại lộc land 1): ⭐️⭐️⭐️⭐️⭐️...
[DEBUG_BUFFER] Adding text to buffer: '⭐️⭐️⭐️⭐️⭐️'
[MSG] 3572540813945634011 (nvhome 1): Message(title='', description='', href='https://f1...
[MSG] 2211579558850164478 (Đại lộc land 1): Message(rType=5, rMsg=[{'cMsgID': 1782115568792, '...
[MSG] 2211579558850164478 (Đại lộc land 1): Message(rType=5, rMsg=[{'cMsgID': 1782115568792, '...
[MSG] 2211579558850164478 (Đại lộc land 1): Message(rType=5, rMsg=[{'cMsgID': 1782115553204, '...
[MSG] 8324134224549326794 (4a): Message(id=1489, catId=65, type=3, extInfo=None)...
[HEARTBEAT] Listener running. Buffers: 6. Uptime: 0.1h
[MSG] 8324134224549326794 (4a): Địa chỉ: Ngõ 195 ngách 59 số 19 Trần Cung 

Trống ...
[SESSION] ⏰ Idle 60s → đóng session cũ của 4a
[DEBUG_BUFFER] Adding text to buffer: '4a Địa chỉ: Ngõ 195 ngách 59 số 19 Trần Cung\n\nTrốn'
[QUEUE] ✓ Enqueued 1 sessions.
[MSG] 7970346812792253395 (1a1): Message(title='', description='', href='https://ph...
[SESSION] ⏰ Idle 96s → đóng session cũ của 1a1
[FIX-LISTENER] Prepending symbol 1a1 to text
[SESSION] Orphan photo (chưa có text). Bỏ qua.
[QUEUE] ✓ Enqueued 1 sessions.
[MSG] 7970346812792253395 (1a1): Message(title='', description='', href='https://ph...
[SESSION] Orphan photo (chưa có text). Bỏ qua.
[MSG] 7970346812792253395 (1a1): Message(title='', description='', href='https://ph...
[SESSION] Orphan photo (chưa có text). Bỏ qua.
[MSG] 7970346812792253395 (1a1): Message(title='', description='', href='https://f6...
[SESSION] Orphan photo (chưa có text). Bỏ qua.
[MSG] 7970346812792253395 (1a1): Message(title='', description='', href='https://f6...
[SESSION] Orphan photo (chưa có text). Bỏ qua.
[MSG] 8324134224549326794 (4a): Message(title='', description='', href='https://ph...
[MSG] 8324134224549326794 (4a): Message(title='', description='', href='https://ph...
[MSG] 8324134224549326794 (4a): Message(title='', description='', href='https://ph...
[MSG] 8324134224549326794 (4a): Message(title='', description='', href='https://ph...
[MSG] 8324134224549326794 (4a): Message(title='', description='', href='https://ph...
[MSG] 7017693843382491948 (AE LAND 1): 🌹  12th - 40% 
🔐  Mã  N222  - Thanh Xuân
🏠 Địa chỉ...
[DEBUG_BUFFER] Adding text to buffer: 'AE LAND 1 12th -\n🔐 Mã N222 - Thanh Xuân\n🏠 Địa chỉ:'
[MSG] 2211579558850164478 (Đại lộc land 1): 🏠 Cho thuê nhà nguyên căn ngõ 31x Bùi Xương Trạch
...
[SESSION] ⏰ Idle 60s → đóng session cũ của Đại lộc land 1
[DEBUG_BUFFER] Adding text to buffer: 'Đại lộc land 1 🏠 Cho thuê nhà nguyên căn ngõ 31x B'
[QUEUE] ✓ Enqueued 1 sessions.
[MSG] 8324134224549326794 (4a): Message(id=1490, catId=65, type=3, extInfo=None)...
[MSG] 2211579558850164478 (Đại lộc land 1): Message(title='', description='', href='https://ph...
[MSG] 2211579558850164478 (Đại lộc land 1): Message(title='', description='', href='https://ph...
[MSG] 2211579558850164478 (Đại lộc land 1): Message(title='', description='', href='https://ph...
[MSG] 2211579558850164478 (Đại lộc land 1): Message(title='', description='', href='https://ph...
[MSG] 2211579558850164478 (Đại lộc land 1): Message(title='', description='', href='https://ph...
[MSG] 1551387869847505864 (dragon): 📰 Mã Toà Nhà: DG-133
📰 Địa Chỉ: Ngõ 110 TRần Duy H...
[SESSION] ⏰ Idle 93s → đóng session cũ của dragon
[DEBUG_BUFFER] Adding text to buffer: 'dragon 📰 Mã Toà Nhà: DG-133\n📰 Địa Chỉ: Ngõ 110 TRầ'
[QUEUE] ✓ Enqueued 1 sessions.
[MSG] 2211579558850164478 (Đại lộc land 1): Message(rType=5, rMsg=[{'cMsgID': 1782115641014, '...
[MSG] 2211579558850164478 (Đại lộc land 1): ⭐️⭐️⭐️⭐️⭐️...
[DEBUG_BUFFER] Adding text to buffer: '⭐️⭐️⭐️⭐️⭐️'
[MSG] 2211579558850164478 (Đại lộc land 1): Message(rType=5, rMsg=[{'cMsgID': 1782115641014, '...
[MSG] 7017693843382491948 (AE LAND 1): Message(title='', description='', href='https://f6...
[MSG] 7017693843382491948 (AE LAND 1): Message(title='', description='', href='https://f6...
[MSG] 7017693843382491948 (AE LAND 1): Message(title='', description='', href='https://f6...
[MSG] 7017693843382491948 (AE LAND 1): Message(title='', description='', href='https://f6...
[MSG] 2211579558850164478 (Đại lộc land 1): Message(rType=5, rMsg=[{'cMsgID': 1782115633231, '...
[MSG] 7017693843382491948 (AE LAND 1): Message(title='', description='', href='https://f6...
[MSG] 7017693843382491948 (AE LAND 1): Message(title='', description='', href='https://vi...
[MSG] 4241410646070673299 (tphomes): 🌹30% 12th               Mã: tp530

🏠 Địa chỉ: Số 6...
[DEBUG_BUFFER] Adding text to buffer: 'tphomes 12th Mã: tp530\n\n🏠 Địa chỉ: Số 64 Ngõ 74 Hữ'
[MSG] 3572540813945634011 (nvhome 1): Message(id=23423, catId=10431, type=3, extInfo=Non...
[MSG] 1551387869847505864 (dragon): Message(title='', description='', href='https://ph...
[MSG] 4241410646070673299 (tphomes): Message(title='', description='', href='https://ph...
[MSG] 4241410646070673299 (tphomes): Message(title='', description='', href='https://ph...
[MSG] 4241410646070673299 (tphomes): Message(title='', description='', href='https://ph...
[MSG] 4241410646070673299 (tphomes): Message(title='', description='', href='https://ph...
[MSG] 4241410646070673299 (tphomes): Message(title='', description='', href='https://vi...
[MSG] 1551387869847505864 (dragon): Message(title='', description='', href='https://ph...
[MSG] 1551387869847505864 (dragon): Message(title='', description='', href='https://ph...
[HEARTBEAT] Listener running. Buffers: 7. Uptime: 0.2h
[LISTENER] Cleaned up MID cache. Current: 1000
[MSG] 1551387869847505864 (dragon): Message(title='', description='', href='https://ph...
[MSG] 1551387869847505864 (dragon): Message(title='', description='', href='https://ph...
[MSG] 1551387869847505864 (dragon): Message(title='', description='', href='https://ph...
[MSG] 1551387869847505864 (dragon): Message(title='', description='', href='https://ph...
[MSG] 2211579558850164478 (Đại lộc land 1): 🏠 CHO THUÊ NHÀ RIÊNG NGÕ 25X NGUYỄN KHANG  
‼️Diện...
[SESSION] Listing mới + media cũ → đóng session cũ của Đại lộc land 1
[DEBUG_BUFFER] Adding text to buffer: 'Đại lộc land 1 🏠 CHO THUÊ NHÀ RIÊNG NGÕ 25X NGUYỄN'
[QUEUE] ✓ Enqueued 1 sessions.
[MSG] 2211579558850164478 (Đại lộc land 1): Message(rType=5, rMsg=[{'cMsgID': 1782115684992, '...
[MSG] 2211579558850164478 (Đại lộc land 1): Message(title='', description='', href='https://ph...
[MSG] 2211579558850164478 (Đại lộc land 1): Message(title='', description='', href='https://ph...
[MSG] 2211579558850164478 (Đại lộc land 1): Message(title='', description='', href='https://ph...
[MSG] 2211579558850164478 (Đại lộc land 1): Message(title='', description='', href='https://ph...
[MSG] 2211579558850164478 (Đại lộc land 1): Message(title='', description='', href='https://ph...
[MSG] 2211579558850164478 (Đại lộc land 1): Message(title='', description='', href='https://ph...
[MSG] 8324134224549326794 (4a): Địa chỉ : Ngõ 36 Hàm nghi - Nam Từ Liêm 

Trống ph...
[SESSION] ⏰ Idle 63s → đóng session cũ của 4a
[DEBUG_BUFFER] Adding text to buffer: '4a Địa chỉ : Ngõ 36 Hàm nghi - Nam Từ Liêm\n\nTrống '
[QUEUE] ✓ Enqueued 1 sessions.
[MSG] 2211579558850164478 (Đại lộc land 1): ⭐️⭐️⭐️⭐️⭐️...
[DEBUG_BUFFER] Adding text to buffer: '⭐️⭐️⭐️⭐️⭐️'
[MSG] 2211579558850164478 (Đại lộc land 1): Message(rType=5, rMsg=[{'cMsgID': 1782115691309, '...
[MSG] 2211579558850164478 (Đại lộc land 1): Message(rType=5, rMsg=[{'cMsgID': 1782115691309, '...
[MSG] 2211579558850164478 (Đại lộc land 1): Message(rType=5, rMsg=[{'cMsgID': 1782115684992, '...
[MSG] 1551387869847505864 (dragon): 📰 Mã Toà Nhà: DG-133
📰 Địa Chỉ: Ngõ 183 Vũ Tông Ph...
[SESSION] Listing mới + media cũ → đóng session cũ của dragon
[DEBUG_BUFFER] Adding text to buffer: 'dragon 📰 Mã Toà Nhà: DG-133\n📰 Địa Chỉ: Ngõ 183 Vũ '
[QUEUE] ✓ Enqueued 1 sessions.
[MSG] 8324134224549326794 (4a): Message(title='', description='', href='https://ph...
[MSG] 8324134224549326794 (4a): Message(title='', description='', href='https://ph...
[MSG] 8324134224549326794 (4a): Message(title='', description='', href='https://ph...
[MSG] 8324134224549326794 (4a): Message(title='', description='', href='https://ph...
[MSG] 6706520199592744541 (hhouse2): Message(title='', description='', href='https://ph...
[MSG] 6706520199592744541 (hhouse2): Message(title='', description='', href='https://ph...
[MSG] 6706520199592744541 (hhouse2): Message(title='', description='', href='https://ph...
[MSG] 6706520199592744541 (hhouse2): Message(title='', description='', href='https://ph...
[MSG] 6706520199592744541 (hhouse2): Message(title='', description='', href='https://ph...
[HEARTBEAT] Listener running. Buffers: 7. Uptime: 0.2h
[MSG] 1551387869847505864 (dragon): Message(title='', description='', href='https://ph...
[MSG] 1551387869847505864 (dragon): Message(title='', description='', href='https://ph...
[MSG] 1551387869847505864 (dragon): Message(title='', description='', href='https://ph...
[MSG] 1551387869847505864 (dragon): Message(title='', description='', href='https://ph...
[MSG] 1551387869847505864 (dragon): Message(title='', description='', href='https://ph...
[MSG] 1551387869847505864 (dragon): Message(title='', description='', href='https://ph...
[MSG] 8324134224549326794 (4a): Message(id=1491, catId=65, type=3, extInfo=None)...
[MSG] 8324134224549326794 (4a): Địa chỉ : ngõ 28/8 Đại Linh  - trung Văn - Nam từ ...
[SESSION] Listing mới + media cũ → đóng session cũ của 4a
[DEBUG_BUFFER] Adding text to buffer: '4a Địa chỉ : ngõ 28/8 Đại Linh - trung Văn - Nam t'
[QUEUE] ✓ Enqueued 1 sessions.
[MSG] 8324134224549326794 (4a): Message(title='', description='', href='https://ph...
[MSG] 8324134224549326794 (4a): Message(title='', description='', href='https://ph...
[MSG] 8324134224549326794 (4a): Message(title='', description='', href='https://ph...
[MSG] 4990120728059075599 (11a1): Message(title='', description='', href='https://ph...
[SESSION] Orphan photo (chưa có text). Bỏ qua.
[MSG] 4990120728059075599 (11a1): Message(title='', description='', href='https://ph...
[SESSION] Orphan photo (chưa có text). Bỏ qua.
[MSG] 4990120728059075599 (11a1): Message(title='', description='', href='https://ph...
[SESSION] Orphan photo (chưa có text). Bỏ qua.
[MSG] 4990120728059075599 (11a1): Message(title='', description='', href='https://ph...
[SESSION] Orphan photo (chưa có text). Bỏ qua.
[MSG] 4990120728059075599 (11a1): Message(title='', description='', href='https://ph...
[SESSION] Orphan photo (chưa có text). Bỏ qua.
[MSG] 4990120728059075599 (11a1): Message(title='', description='', href='https://ph...
[SESSION] Orphan photo (chưa có text). Bỏ qua.
[MSG] 4990120728059075599 (11a1): Message(title='', description='', href='https://ph...
[SESSION] Orphan photo (chưa có text). Bỏ qua.
[MSG] 8324134224549326794 (4a): Message(id=1492, catId=65, type=3, extInfo=None)...
[MSG] 3572540813945634011 (nvhome 1): 🌹40 % 12th                   Mã NVH02
            ...
[SESSION] ⏰ Idle 178s → đóng session cũ của nvhome 1
[DEBUG_BUFFER] Adding text to buffer: 'nvhome 1 12th Mã NVH02\n🏠 Địa chỉ: Nhà số 42 Ngõ 51'
[QUEUE] ✓ Enqueued 1 sessions.
[MSG] 4990120728059075599 (11a1): NL703- stuido 5tr4...
[DEBUG_BUFFER] Adding text to buffer: 'NL703- stuido 5tr4'
[MSG] 8324134224549326794 (4a): Địa chỉ : Số 5 ngõ 99 Tân Triều

Trống P101 ở luôn...
[SESSION] Listing mới + media cũ → đóng session cũ của 4a
[DEBUG_BUFFER] Adding text to buffer: '4a Địa chỉ : Số 5 ngõ 99 Tân Triều\n\nTrống P101 ở l'
[QUEUE] ✓ Enqueued 1 sessions.
[MSG] 3572540813945634011 (nvhome 1): P101...
[DEBUG_BUFFER] Adding text to buffer: 'P101'
[MSG] 4990120728059075599 (11a1): Message(title='', description='', href='https://f1...
[MSG] 8324134224549326794 (4a): Message(rType=20, rMsg=[{'cMsgID': 1781250009780, ...
[MSG] 4990120728059075599 (11a1): Message(title='', description='', href='https://f6...
[MSG] 4990120728059075599 (11a1): Message(title='', description='', href='https://f6...
[MSG] 4990120728059075599 (11a1): Message(title='', description='', href='https://f6...
[MSG] 4990120728059075599 (11a1): Message(title='', description='', href='https://f6...
[MSG] 4990120728059075599 (11a1): Message(title='', description='', href='https://f6...
[MSG] 4990120728059075599 (11a1): Message(title='', description='', href='https://f6...
[MSG] 4990120728059075599 (11a1): Message(title='', description='', href='https://f6...
[MSG] 4990120728059075599 (11a1): Message(title='', description='', href='https://f6...
[MSG] 8324134224549326794 (4a): Message(title='', description='', href='https://ph...
[MSG] 8324134224549326794 (4a): Message(title='', description='', href='https://ph...
[MSG] 8324134224549326794 (4a): Message(title='', description='', href='https://ph...
[MSG] 8324134224549326794 (4a): Message(title='', description='', href='https://ph...
[MSG] 4990120728059075599 (11a1): NL702- studio 6tr6...
[DEBUG_BUFFER] Adding text to buffer: 'NL702- studio 6tr6'
[MSG] 2206089300911938258 (N34 CHDV): Nhượng CHDV Minh Khai - tổng 17 sudio
- full nội t...
[DEBUG_BUFFER] Adding text to buffer: 'N34 CHDV Nhượng CHDV Minh Khai - tổng 17 sudio\n- f'
[MSG] 2206089300911938258 (N34 CHDV): Message(title='', description='', href='https://ph...
[MSG] 8324134224549326794 (4a): Message(id=1493, catId=65, type=3, extInfo=None)...
[MSG] 2206089300911938258 (N34 CHDV): Message(title='', description='', href='https://ph...
[MSG] 2206089300911938258 (N34 CHDV): Message(title='', description='', href='https://ph...
[MSG] 2206089300911938258 (N34 CHDV): Message(title='', description='', href='https://ph...
[MSG] 2206089300911938258 (N34 CHDV): Message(title='', description='', href='https://ph...
[MSG] 2206089300911938258 (N34 CHDV): Message(title='', description='', href='https://ph...
[HEARTBEAT] Listener running. Buffers: 9. Uptime: 0.2h
[MSG] 4990120728059075599 (11a1): 🌹40%. 
Ctv dẫn khách +8%. 
Mã 73
12 tháng 

🏡Địa c...
[FIX-LISTENER] Timeline reordered for 11a1. Reply → top, rest preserved in order.
[FIX-LISTENER] Prepending symbol 11a1 to text
[QUEUE] ✓ Enqueued 1 sessions.
[MSG] 4990120728059075599 (11a1): Message(title='', description='', href='https://ph...
[SESSION] Orphan photo (chưa có text). Bỏ qua.
[MSG] 4990120728059075599 (11a1): Message(title='', description='', href='https://ph...
[SESSION] Orphan photo (chưa có text). Bỏ qua.
[MSG] 4990120728059075599 (11a1): Message(title='', description='', href='https://ph...
[SESSION] Orphan photo (chưa có text). Bỏ qua.
[MSG] 4990120728059075599 (11a1): Message(title='', description='', href='https://ph...
[SESSION] Orphan photo (chưa có text). Bỏ qua.
[MSG] 4990120728059075599 (11a1): Message(title='', description='', href='https://ph...
[SESSION] Orphan photo (chưa có text). Bỏ qua.
[MSG] 4990120728059075599 (11a1): Message(title='', description='', href='https://vi...
[SESSION] Orphan video (chưa có text). Bỏ qua.
[MSG] 3572540813945634011 (nvhome 1): Message(title='', description='', href='https://ph...
[MSG] 3572540813945634011 (nvhome 1): Message(title='', description='', href='https://ph...
[MSG] 3572540813945634011 (nvhome 1): Message(title='', description='', href='https://ph...
[MSG] 3572540813945634011 (nvhome 1): Message(title='', description='', href='https://ph...
[MSG] 3572540813945634011 (nvhome 1): Message(title='', description='', href='https://ph...
[MSG] 3572540813945634011 (nvhome 1): Message(title='', description='', href='https://ph...
[MSG] 3572540813945634011 (nvhome 1): Message(title='', description='', href='https://ph...
[MSG] 3572540813945634011 (nvhome 1): Message(title='', description='', href='https://ph...
[MSG] 3572540813945634011 (nvhome 1): Message(title='', description='', href='https://ph...
[MSG] 3572540813945634011 (nvhome 1): P201...
[DEBUG_BUFFER] Adding text to buffer: 'P201'
[MSG] 1551387869847505864 (dragon): 📰 Mã Toà Nhà: DG-133
📰 Địa Chỉ: Ngõ 183 Vũ Tông Ph...
[SESSION] ⏰ Idle 88s → đóng session cũ của dragon
[DEBUG_BUFFER] Adding text to buffer: 'dragon 📰 Mã Toà Nhà: DG-133\n📰 Địa Chỉ: Ngõ 183 Vũ '
[QUEUE] ✓ Enqueued 1 sessions.
[MSG] 4990120728059075599 (11a1): 🌹 40% 12 tháng.  Mã c492. 
25%. 3 tháng
🏡Địa chỉ :...
[FIX-LISTENER] Timeline reordered for 11a1. Reply → top, rest preserved in order.
[FIX-LISTENER] Prepending symbol 11a1 to text
[QUEUE] ✓ Enqueued 1 sessions.
[MSG] 1551387869847505864 (dragon): Message(title='', description='', href='https://ph...
[MSG] 1551387869847505864 (dragon): Message(title='', description='', href='https://ph...
[MSG] 4990120728059075599 (11a1): Message(title='', description='', href='https://f6...
[SESSION] Orphan photo (chưa có text). Bỏ qua.
[MSG] 4990120728059075599 (11a1): Message(title='', description='', href='https://f6...
[SESSION] Orphan photo (chưa có text). Bỏ qua.
[MSG] 4990120728059075599 (11a1): Message(title='', description='', href='https://f6...
[SESSION] Orphan photo (chưa có text). Bỏ qua.
[MSG] 4990120728059075599 (11a1): Message(title='', description='', href='https://f6...
[SESSION] Orphan photo (chưa có text). Bỏ qua.
[MSG] 4990120728059075599 (11a1): Message(title='', description='', href='https://f6...
[SESSION] Orphan photo (chưa có text). Bỏ qua.
[MSG] 1551387869847505864 (dragon): Message(title='', description='', href='https://ph...
[MSG] 1551387869847505864 (dragon): Message(title='', description='', href='https://ph...
[MSG] 1551387869847505864 (dragon): Message(title='', description='', href='https://ph...
[MSG] 4990120728059075599 (11a1): Message(title='', description='', href='https://f1...
[SESSION] Orphan video (chưa có text). Bỏ qua.
[MSG] 1551387869847505864 (dragon): Message(title='', description='', href='https://ph...
[MSG] 7017693843382491948 (AE LAND 1): Message(globalMsgId=7963604910274, cliMsgId=178211...
[HEARTBEAT] Listener running. Buffers: 8. Uptime: 0.2h
[MSG] 1551387869847505864 (dragon): 📰 Mã Toà Nhà: DG-133
📰 Địa Chỉ: Ngõ 183 Vũ Tông Ph...
[SESSION] Listing mới + media cũ → đóng session cũ của dragon
[DEBUG_BUFFER] Adding text to buffer: 'dragon 📰 Mã Toà Nhà: DG-133\n📰 Địa Chỉ: Ngõ 183 Vũ '
[QUEUE] ✓ Enqueued 1 sessions.
[MSG] 7017693843382491948 (AE LAND 1): 🌹  12th - 40% 
🔐  Mã  N222  - Thanh Xuân
🏠 Địa chỉ...
[SESSION] ⏰ Idle 200s → đóng session cũ của AE LAND 1
[DEBUG_BUFFER] Adding text to buffer: 'AE LAND 1 12th -\n🔐 Mã N222 - Thanh Xuân\n🏠 Địa chỉ:'
[QUEUE] ✓ Enqueued 1 sessions.
[MSG] 4990120728059075599 (11a1): 🌹40%. Mã 73
12 tháng. 

🏡Địa chỉ: Số nhà 19, Ngõ 9...
[FIX-LISTENER] Found fallback GLID 1782115813912 for 4990120728059075599
[FIX-LISTENER] Timeline reordered for 11a1. Reply → top, rest preserved in order.
[FIX-LISTENER] Prepending symbol 11a1 to text
[QUEUE] ✓ Enqueued 1 sessions.
[MSG] 7017693843382491948 (AE LAND 1): Message(title='', description='', href='https://f6...
[MSG] 7017693843382491948 (AE LAND 1): Message(title='', description='', href='https://f6...
[MSG] 7017693843382491948 (AE LAND 1): Message(title='', description='', href='https://f6...
[MSG] 7017693843382491948 (AE LAND 1): Message(title='', description='', href='https://f6...
[MSG] 7017693843382491948 (AE LAND 1): Message(title='', description='', href='https://f6...
[MSG] 7017693843382491948 (AE LAND 1): Message(title='', description='', href='https://vi...
[MSG] 1551387869847505864 (dragon): Message(title='', description='', href='https://ph...
[MSG] 7017693843382491948 (AE LAND 1): Message(globalMsgId=7963606003198, cliMsgId=178211...
[MSG] 7017693843382491948 (AE LAND 1): Message(globalMsgId=7963606013317, cliMsgId=178211...
[MSG] 7017693843382491948 (AE LAND 1): Message(globalMsgId=7963606019799, cliMsgId=178211...
[MSG] 7017693843382491948 (AE LAND 1): Message(globalMsgId=7963606035452, cliMsgId=178211...
[MSG] 7017693843382491948 (AE LAND 1): Message(globalMsgId=7963605997803, cliMsgId=178211...
[MSG] 7017693843382491948 (AE LAND 1): Message(globalMsgId=7963606027667, cliMsgId=178211...
[MSG] 4241274088638332819 (Tuananh CHDV 1): ⭐️⭐️⭐️...
[DEBUG_BUFFER] Adding text to buffer: 'Tuananh CHDV 1 ⭐️⭐️⭐️'
[MSG] 4241274088638332819 (Tuananh CHDV 1): ⭐️⭐️⭐️...
[DEBUG_BUFFER] Adding text to buffer: '⭐️⭐️⭐️'
[HEARTBEAT] Listener running. Buffers: 9. Uptime: 0.2h
[MSG] 7918125874218096301 (2a2): 🌷40%-12m Mã: 🏆 661

🏢Địa chỉ :  số 4 ngõ 260 Trần ...
[DEBUG_BUFFER] Adding text to buffer: '2a2 🌷-12m Mã: 🏆 661\n\n🏢Địa chỉ : số 4 ngõ 260 Trần '
[MSG] 7918125874218096301 (2a2): 102...
[DEBUG_BUFFER] Adding text to buffer: '102'
[MSG] 3572540813945634011 (nvhome 1): Message(title='', description='', href='https://ph...
[SESSION] ⏰ Idle 96s → đóng session cũ của nvhome 1
[SESSION] Orphan photo (chưa có text). Bỏ qua.
[QUEUE] ✓ Enqueued 1 sessions.
[MSG] 3572540813945634011 (nvhome 1): Message(title='', description='', href='https://ph...
[SESSION] Orphan photo (chưa có text). Bỏ qua.
[MSG] 3572540813945634011 (nvhome 1): Message(title='', description='', href='https://ph...
[SESSION] Orphan photo (chưa có text). Bỏ qua.
[MSG] 3572540813945634011 (nvhome 1): Message(title='', description='', href='https://ph...
[SESSION] Orphan photo (chưa có text). Bỏ qua.
[MSG] 3572540813945634011 (nvhome 1): Message(title='', description='', href='https://ph...
[SESSION] Orphan photo (chưa có text). Bỏ qua.
[MSG] 3572540813945634011 (nvhome 1): Message(title='', description='', href='https://ph...
[SESSION] Orphan photo (chưa có text). Bỏ qua.
[MSG] 3572540813945634011 (nvhome 1): Message(title='', description='', href='https://ph...
[SESSION] Orphan photo (chưa có text). Bỏ qua.
[MSG] 3572540813945634011 (nvhome 1): Message(title='', description='', href='https://ph...
[SESSION] Orphan photo (chưa có text). Bỏ qua.
[MSG] 3572540813945634011 (nvhome 1): Message(title='', description='', href='https://ph...
[SESSION] Orphan photo (chưa có text). Bỏ qua.
[MSG] 3572540813945634011 (nvhome 1): Message(title='', description='', href='https://ph...
[SESSION] Orphan photo (chưa có text). Bỏ qua.
[MSG] 3572540813945634011 (nvhome 1): Message(title='', description='', href='https://ph...
[SESSION] Orphan photo (chưa có text). Bỏ qua.
[MSG] 3572540813945634011 (nvhome 1): Message(title='', description='', href='https://ph...
[SESSION] Orphan photo (chưa có text). Bỏ qua.
[MSG] 3572540813945634011 (nvhome 1): Message(title='', description='', href='https://ph...
[SESSION] Orphan photo (chưa có text). Bỏ qua.
[MSG] 3572540813945634011 (nvhome 1): Message(title='', description='', href='https://ph...
[SESSION] Orphan photo (chưa có text). Bỏ qua.
[MSG] 4241274088638332819 (Tuananh CHDV 1): Message(title='', description='', href='https://ph...
[MSG] 4241274088638332819 (Tuananh CHDV 1): Message(title='', description='', href='https://ph...
[MSG] 4241274088638332819 (Tuananh CHDV 1): Message(title='', description='', href='https://ph...
[MSG] 4241274088638332819 (Tuananh CHDV 1): Message(title='', description='', href='https://ph...
[MSG] 4241274088638332819 (Tuananh CHDV 1): Message(title='', description='', href='https://ph...
[MSG] 4241274088638332819 (Tuananh CHDV 1): Message(title='', description='', href='https://ph...
[MSG] 7918125874218096301 (2a2): Message(title='', description='', href='https://ph...
[MSG] 7918125874218096301 (2a2): Message(title='', description='', href='https://ph...
[MSG] 7918125874218096301 (2a2): Message(title='', description='', href='https://ph...
[MSG] 3572540813945634011 (nvhome 1): Message(title='', description='', href='https://vi...
[SESSION] Orphan video (chưa có text). Bỏ qua.
[MSG] 7918125874218096301 (2a2): Message(title='', description='', href='https://ph...
[MSG] 4241274088638332819 (Tuananh CHDV 1): Message(title='', description='', href='https://ph...
[MSG] 7918125874218096301 (2a2): 202...
[DEBUG_BUFFER] Adding text to buffer: '202'
[MSG] 4990120728059075599 (11a1): Message(rType=20, rMsg=[{'cMsgID': 1781328441171, ...
[MSG] 4241274088638332819 (Tuananh CHDV 1): Nhượng CHDV Minh Khai - tổng 17 sudio
- full nội t...
[SESSION] Listing mới + media cũ → đóng session cũ của Tuananh CHDV 1
[DEBUG_BUFFER] Adding text to buffer: 'Tuananh CHDV 1 Nhượng CHDV Minh Khai - tổng 17 sud'
[QUEUE] ✓ Enqueued 1 sessions.
[MSG] 7918125874218096301 (2a2): Message(title='', description='', href='https://ph...
[MSG] 7918125874218096301 (2a2): Message(title='', description='', href='https://vi...
[MSG] 4990120728059075599 (11a1): Message(rType=-1, rMsg=[{'cMsgID': 1781328441171, ...
[MSG] 3572540813945634011 (nvhome 1): Message(id=23434, catId=10431, type=3, extInfo=Non...
[MSG] 7918125874218096301 (2a2): 201...
[DEBUG_BUFFER] Adding text to buffer: '201'
[MSG] 7918125874218096301 (2a2): Message(title='', description='', href='https://ph...
[MSG] 7918125874218096301 (2a2): Message(title='', description='', href='https://ph...
[MSG] 7918125874218096301 (2a2): Message(title='', description='', href='https://ph...
[MSG] 7918125874218096301 (2a2): 105...
[DEBUG_BUFFER] Adding text to buffer: '105'
[MSG] 7918125874218096301 (2a2): Message(title='', description='', href='https://ph...
[MSG] 7918125874218096301 (2a2): Message(title='', description='', href='https://ph...
[MSG] 7918125874218096301 (2a2): Message(title='', description='', href='https://ph...
[QUEUE] ✓ Enqueued 1 sessions.
[LISTENER] Cleaned up MID cache. Current: 1000
[HEARTBEAT] Listener running. Buffers: 8. Uptime: 0.2h
[QUEUE] ✓ Enqueued 1 sessions.
[QUEUE] ✓ Enqueued 1 sessions.
[HEARTBEAT] Listener running. Buffers: 6. Uptime: 0.3h
[MSG] 3572540813945634011 (nvhome 1): 🌹 40% 12th                   Mã NVH02
            ...
[DEBUG_BUFFER] Adding text to buffer: 'nvhome 1 12th Mã NVH02\n🏠 Địa chỉ: Số nhà 14N2, ngá'
[MSG] 3572540813945634011 (nvhome 1): P201...
[DEBUG_BUFFER] Adding text to buffer: 'P201'
[QUEUE] ✓ Enqueued 1 sessions.
[QUEUE] ✓ Enqueued 1 sessions.
[HEARTBEAT] Listener running. Buffers: 5. Uptime: 0.3h
[MSG] 3572540813945634011 (nvhome 1): Message(title='', description='', href='https://ph...
[MSG] 3572540813945634011 (nvhome 1): Message(title='', description='', href='https://ph...
[MSG] 3572540813945634011 (nvhome 1): Message(title='', description='', href='https://ph...
[MSG] 3572540813945634011 (nvhome 1): Message(title='', description='', href='https://ph...
[MSG] 3572540813945634011 (nvhome 1): Message(title='', description='', href='https://ph...
[MSG] 3572540813945634011 (nvhome 1): Message(title='', description='', href='https://ph...
[MSG] 3572540813945634011 (nvhome 1): Message(title='', description='', href='https://ph...
[MSG] 3572540813945634011 (nvhome 1): P301...
[DEBUG_BUFFER] Adding text to buffer: 'P301'
[HEARTBEAT] Listener running. Buffers: 5. Uptime: 0.3h
[MSG] 3572540813945634011 (nvhome 1): Message(title='', description='', href='https://ph...
[MSG] 3572540813945634011 (nvhome 1): Message(title='', description='', href='https://ph...
[MSG] 3572540813945634011 (nvhome 1): Message(title='', description='', href='https://ph...
[MSG] 3572540813945634011 (nvhome 1): Message(title='', description='', href='https://ph...
[MSG] 3572540813945634011 (nvhome 1): Message(title='', description='', href='https://ph...
[MSG] 3572540813945634011 (nvhome 1): Message(title='', description='', href='https://ph...
[MSG] 3572540813945634011 (nvhome 1): Message(title='', description='', href='https://ph...
[MSG] 3572540813945634011 (nvhome 1): Message(title='', description='', href='https://ph...
[MSG] 3572540813945634011 (nvhome 1): Message(title='', description='', href='https://ph...
[MSG] 3572540813945634011 (nvhome 1): Message(title='', description='', href='https://ph...
[MSG] 3572540813945634011 (nvhome 1): Message(title='', description='', href='https://ph...
[MSG] 3572540813945634011 (nvhome 1): Message(title='', description='', href='https://ph...
[MSG] 3572540813945634011 (nvhome 1): Message(title='', description='', href='https://ph...
[MSG] 3572540813945634011 (nvhome 1): Message(id=23434, catId=10431, type=3, extInfo=Non...
[QUEUE] ✓ Enqueued 1 sessions.
[QUEUE] ✓ Enqueued 1 sessions.
[MSG] 4241274088638332819 (Tuananh CHDV 1): Message(rType=0, rIcon=':>', msgSender='163647391'...
[HEARTBEAT] Listener running. Buffers: 3. Uptime: 0.3h
[QUEUE] ✓ Enqueued 1 sessions.
[LISTENER] Cleaned up MID cache. Current: 1000
[HEARTBEAT] Listener running. Buffers: 1. Uptime: 0.3h
[MSG] 726549256284292698 (1a2): 🌺30%: 12th.       Mã: D49

🏆🏆🏆 TOÀ CĂN HỘ CAO CẤP ...
[DEBUG_BUFFER] Adding text to buffer: '1a : 12th. Mã: D49\n\n🏆🏆🏆 TOÀ CĂN HỘ CAO CẤP FULL ĐỒ'
[MSG] 3572540813945634011 (nvhome 1): 🌹40 % 12th                   Mã NVH02
            ...
[SESSION] ⏰ Idle 127s → đóng session cũ của nvhome 1
[DEBUG_BUFFER] Adding text to buffer: 'nvhome 1 12th Mã NVH02\n🏠 Địa chỉ: Số nhà 19, Ngõ 9'
[QUEUE] ✓ Enqueued 1 sessions.
[MSG] 3572540813945634011 (nvhome 1): P302...
[DEBUG_BUFFER] Adding text to buffer: 'P302'
[HEARTBEAT] Listener running. Buffers: 2. Uptime: 0.3h
[MSG] 726549256284292698 (1a2): Message(title='', description='', href='https://ph...
[MSG] 726549256284292698 (1a2): Message(title='', description='', href='https://ph...
[MSG] 726549256284292698 (1a2): Message(title='', description='', href='https://ph...
[MSG] 726549256284292698 (1a2): Message(title='', description='', href='https://ph...
[MSG] 726549256284292698 (1a2): Message(title='', description='', href='https://ph...
[MSG] 726549256284292698 (1a2): Message(title='', description='', href='https://ph...
[MSG] 726549256284292698 (1a2): Message(title='', description='', href='https://ph...
[MSG] 726549256284292698 (1a2): Message(title='', description='', href='https://ph...
[MSG] 726549256284292698 (1a2): Message(title='', description='', href='https://ph...
[MSG] 726549256284292698 (1a2): Message(title='', description='', href='https://ph...
[MSG] 726549256284292698 (1a2): Message(title='', description='', href='https://ph...
[MSG] 726549256284292698 (1a2): Message(title='', description='', href='https://ph...
[MSG] 726549256284292698 (1a2): Message(title='', description='', href='https://ph...
[MSG] 726549256284292698 (1a2): Message(title='', description='', href='https://ph...
[MSG] 726549256284292698 (1a2): Message(title='', description='', href='https://ph...
[HEARTBEAT] Listener running. Buffers: 2. Uptime: 0.4h
[MSG] 3572540813945634011 (nvhome 1): Message(title='', description='', href='https://ph...
[MSG] 3572540813945634011 (nvhome 1): Message(title='', description='', href='https://ph...
[MSG] 3572540813945634011 (nvhome 1): Message(title='', description='', href='https://ph...
[MSG] 3572540813945634011 (nvhome 1): Message(title='', description='', href='https://ph...
[MSG] 3572540813945634011 (nvhome 1): Message(title='', description='', href='https://ph...
[MSG] 3572540813945634011 (nvhome 1): Message(title='', description='', href='https://ph...
[MSG] 3572540813945634011 (nvhome 1): Message(title='', description='', href='https://ph...
[MSG] 3572540813945634011 (nvhome 1): Message(title='', description='', href='https://ph...
[MSG] 3572540813945634011 (nvhome 1): Message(title='', description='', href='https://ph...
[MSG] 3572540813945634011 (nvhome 1): Message(title='', description='', href='https://ph...
[MSG] 3572540813945634011 (nvhome 1): P501...
[DEBUG_BUFFER] Adding text to buffer: 'P501'
[HEARTBEAT] Listener running. Buffers: 2. Uptime: 0.4h
[MSG] 3572540813945634011 (nvhome 1): Message(title='', description='', href='https://ph...
[MSG] 3572540813945634011 (nvhome 1): Message(title='', description='', href='https://ph...
[MSG] 3572540813945634011 (nvhome 1): Message(title='', description='', href='https://ph...
[MSG] 3572540813945634011 (nvhome 1): Message(title='', description='', href='https://ph...
[MSG] 3572540813945634011 (nvhome 1): Message(title='', description='', href='https://ph...
[MSG] 3572540813945634011 (nvhome 1): Message(title='', description='', href='https://ph...
[MSG] 3572540813945634011 (nvhome 1): Message(title='', description='', href='https://ph...
[MSG] 3572540813945634011 (nvhome 1): Message(title='', description='', href='https://ph...
[MSG] 3572540813945634011 (nvhome 1): P502...
[DEBUG_BUFFER] Adding text to buffer: 'P502'
[HEARTBEAT] Listener running. Buffers: 2. Uptime: 0.4h
[MSG] 3572540813945634011 (nvhome 1): Message(title='', description='', href='https://ph...
[MSG] 3572540813945634011 (nvhome 1): Message(title='', description='', href='https://ph...
[MSG] 3572540813945634011 (nvhome 1): Message(title='', description='', href='https://ph...
[MSG] 3572540813945634011 (nvhome 1): Message(title='', description='', href='https://ph...
[MSG] 3572540813945634011 (nvhome 1): Message(title='', description='', href='https://ph...
[MSG] 3572540813945634011 (nvhome 1): Message(title='', description='', href='https://ph...
[MSG] 3572540813945634011 (nvhome 1): Message(title='', description='', href='https://ph...
[MSG] 3572540813945634011 (nvhome 1): Message(title='', description='', href='https://ph...
[MSG] 3572540813945634011 (nvhome 1): Message(title='', description='', href='https://ph...
[MSG] 3572540813945634011 (nvhome 1): Message(title='', description='', href='https://ph...
[MSG] 3572540813945634011 (nvhome 1): Message(title='', description='', href='https://ph...
[MSG] 8854918564912906669 (Chinh trần CHDV): TÒA CHDV 21PKK HÀ ĐÔNG FULL ĐỒ RỘNG THOÁNG
 - Vị t...
[DEBUG_BUFFER] Adding text to buffer: 'Chinh trần CHDV TÒA CHDV 21PKK HÀ ĐÔNG FULL ĐỒ RỘN'
[MSG] 3572540813945634011 (nvhome 1): P601...
[DEBUG_BUFFER] Adding text to buffer: 'P601'
[LISTENER] Cleaned up MID cache. Current: 1000
[HEARTBEAT] Listener running. Buffers: 3. Uptime: 0.4h
[HEARTBEAT] Listener running. Buffers: 3. Uptime: 0.4h
[FIX-LISTENER] Prepending symbol 1a2 to text
[QUEUE] ✓ Enqueued 1 sessions.
[MSG] 3572540813945634011 (nvhome 1): Message(title='', description='', href='https://ph...
[SESSION] ⏰ Idle 149s → đóng session cũ của nvhome 1
[SESSION] Orphan photo (chưa có text). Bỏ qua.
[QUEUE] ✓ Enqueued 1 sessions.
[MSG] 3572540813945634011 (nvhome 1): Message(title='', description='', href='https://ph...
[SESSION] Orphan photo (chưa có text). Bỏ qua.
[MSG] 3572540813945634011 (nvhome 1): Message(title='', description='', href='https://ph...
[SESSION] Orphan photo (chưa có text). Bỏ qua.
[MSG] 3572540813945634011 (nvhome 1): Message(title='', description='', href='https://ph...
[SESSION] Orphan photo (chưa có text). Bỏ qua.
[MSG] 3572540813945634011 (nvhome 1): Message(title='', description='', href='https://ph...
[SESSION] Orphan photo (chưa có text). Bỏ qua.
[MSG] 3572540813945634011 (nvhome 1): Message(title='', description='', href='https://ph...
[SESSION] Orphan photo (chưa có text). Bỏ qua.
[MSG] 3572540813945634011 (nvhome 1): Message(title='', description='', href='https://ph...
[SESSION] Orphan photo (chưa có text). Bỏ qua.
[MSG] 3572540813945634011 (nvhome 1): Message(id=23423, catId=10431, type=3, extInfo=Non...
[HEARTBEAT] Listener running. Buffers: 1. Uptime: 0.5h
[MSG] 2211579558850164478 (Đại lộc land 1): 🔶 CHO THUÊ NHÀ TẬP THỂ 78 LÁNG HẠ
🔹THIẾT KẾ: 75M2 ...
[DEBUG_BUFFER] Adding text to buffer: 'Đại lộc land 1 🔶 CHO THUÊ NHÀ TẬP THỂ 78 LÁNG HẠ\n🔹'
[MSG] 2211579558850164478 (Đại lộc land 1): Message(title='', description='', href='https://ph...
[MSG] 2211579558850164478 (Đại lộc land 1): Message(title='', description='', href='https://ph...
[MSG] 2211579558850164478 (Đại lộc land 1): Message(title='', description='', href='https://ph...
[MSG] 2211579558850164478 (Đại lộc land 1): Message(title='', description='', href='https://ph...
[MSG] 2211579558850164478 (Đại lộc land 1): Message(title='', description='', href='https://ph...
[MSG] 1551387869847505864 (dragon): Message(title='', description='', href='https://ph...
[SESSION] Orphan photo (chưa có text). Bỏ qua.
[MSG] 1551387869847505864 (dragon): Message(title='', description='', href='https://ph...
[SESSION] Orphan photo (chưa có text). Bỏ qua.
[MSG] 1551387869847505864 (dragon): Message(title='', description='', href='https://ph...
[SESSION] Orphan photo (chưa có text). Bỏ qua.
[MSG] 2211579558850164478 (Đại lộc land 1): ⭐️⭐️⭐️⭐️⭐️...
[DEBUG_BUFFER] Adding text to buffer: '⭐️⭐️⭐️⭐️⭐️'
[MSG] 1551387869847505864 (dragon): Message(title='', description='', href='https://ph...
[SESSION] Orphan photo (chưa có text). Bỏ qua.
[MSG] 2211579558850164478 (Đại lộc land 1): Message(rType=5, rMsg=[{'cMsgID': 1782116689120, '...
[MSG] 1551387869847505864 (dragon): Message(title='', description='', href='https://ph...
[SESSION] Orphan photo (chưa có text). Bỏ qua.
[MSG] 1551387869847505864 (dragon): Message(title='', description='', href='https://ph...
[SESSION] Orphan photo (chưa có text). Bỏ qua.
[MSG] 2211579558850164478 (Đại lộc land 1): Message(rType=5, rMsg=[{'cMsgID': 1782116689120, '...
[MSG] 2211579558850164478 (Đại lộc land 1): Message(rType=5, rMsg=[{'cMsgID': 1782116681624, '...
[MSG] 6004517193288736283 (Chinhtran): "#dongda
Cho thuê CHTT Tầng 2 - 80 Phố Láng Hạ, Ph...
[DEBUG_BUFFER] Adding text to buffer: 'Chinhtran "#dongda\nCho thuê CHTT Tầng 2 - 80 Phố L'
[MSG] 6004517193288736283 (Chinhtran): "#namtuliem
 Cho thuê tầng 12 căn góc 2 mặt thoáng...
[SESSION] Listing mới + text cũ → đóng session cũ của Chinhtran
[DEBUG_BUFFER] Adding text to buffer: 'Chinhtran "#namtuliem\nCho thuê tầng 12 căn góc 2 m'
[QUEUE] ✓ Enqueued 1 sessions.
[MSG] 6004517193288736283 (Chinhtran): "#hoangmai
Cho thuê Căn hộ chung cư tại Toà CT3, E...
[SESSION] Listing mới + text cũ → đóng session cũ của Chinhtran
[DEBUG_BUFFER] Adding text to buffer: 'Chinhtran "#hoangmai\nCho thuê Căn hộ chung cư tại '
[QUEUE] ✓ Enqueued 1 sessions.
[MSG] 6004517193288736283 (Chinhtran): "#hoangmai
Cho thuê CHCC CT2, DN2, KĐT Định Công Đ...
[SESSION] Listing mới + text cũ → đóng session cũ của Chinhtran
[DEBUG_BUFFER] Adding text to buffer: 'Chinhtran "#hoangmai\nCho thuê CHCC CT2, DN2, KĐT Đ'
[QUEUE] ✓ Enqueued 1 sessions.
[HEARTBEAT] Listener running. Buffers: 3. Uptime: 0.5h
[MSG] 2879669465576507577 (BEE HOME): 🌷30%(HĐ12t)                 Mã: Bee62

ĐỊA CHỈ: Ng...
[DEBUG_BUFFER] Adding text to buffer: 'BEE HOME 🌷(HĐ12t) Mã: Bee62\n\nĐỊA CHỈ: Ngõ 132.72.x'
[MSG] 2879669465576507577 (BEE HOME): Message(title='', description='', href='https://ph...
[MSG] 2879669465576507577 (BEE HOME): Message(title='', description='', href='https://ph...
[MSG] 2879669465576507577 (BEE HOME): Message(title='', description='', href='https://ph...
[MSG] 2879669465576507577 (BEE HOME): Message(title='', description='', href='https://ph...
[MSG] 2879669465576507577 (BEE HOME): Message(title='', description='', href='https://vi...
[MSG] 6004517193288736283 (Chinhtran): "#thanhxuan
 CHO THUÊ DUPLEX CAO CẤP CT2 ECOGREEN ...
[SESSION] Listing mới + text cũ → đóng session cũ của Chinhtran
[DEBUG_BUFFER] Adding text to buffer: 'Chinhtran "#thanhxuan\nCHO THUÊ DUPLEX CAO CẤP CT2 '
[QUEUE] ✓ Enqueued 1 sessions.
[MSG] 6004517193288736283 (Chinhtran): "#hoangmai
Cho thuê căn hộ Chung cư X2 Đại Kim, đư...
[SESSION] Listing mới + text cũ → đóng session cũ của Chinhtran
[DEBUG_BUFFER] Adding text to buffer: 'Chinhtran "#hoangmai\nCho thuê căn hộ Chung cư X2 Đ'
[QUEUE] ✓ Enqueued 1 sessions.
[MSG] 6004517193288736283 (Chinhtran): "#hoangmai
Cho thuê gấp căn CC Kim văn Kim Lũ trun...
[SESSION] Listing mới + text cũ → đóng session cũ của Chinhtran
[DEBUG_BUFFER] Adding text to buffer: 'Chinhtran "#hoangmai\nCho thuê gấp căn CC Kim văn K'
[QUEUE] ✓ Enqueued 1 sessions.
[MSG] 6004517193288736283 (Chinhtran): "#namtuliem
Cho thuê chung cư 789 Mỹ Đình, Từ Liêm...
[SESSION] Listing mới + text cũ → đóng session cũ của Chinhtran
[DEBUG_BUFFER] Adding text to buffer: 'Chinhtran "#namtuliem\nCho thuê chung cư 789 Mỹ Đìn'
[QUEUE] ✓ Enqueued 1 sessions.
[MSG] 2879669465576507577 (BEE HOME): 🌷30%(HĐ12t)                 Mã: Bee66

ĐỊA CHỈ: Ng...
[SESSION] Listing mới + media cũ → đóng session cũ của BEE HOME
[DEBUG_BUFFER] Adding text to buffer: 'BEE HOME 🌷(HĐ12t) Mã: Bee66\n\nĐỊA CHỈ: Ngõ 70.79.xx'
[QUEUE] ✓ Enqueued 1 sessions.
[MSG] 6004517193288736283 (Chinhtran): "#dongda
Cho thuê nhà Ngõ 16 Hoàng Cầu, Phường Ô C...
[SESSION] Listing mới + text cũ → đóng session cũ của Chinhtran
[DEBUG_BUFFER] Adding text to buffer: 'Chinhtran "#dongda\nCho thuê nhà Ngõ 16 Hoàng Cầu, '
[QUEUE] ✓ Enqueued 1 sessions.
[HEARTBEAT] Listener running. Buffers: 4. Uptime: 0.5h
[MSG] 2879669465576507577 (BEE HOME): Message(title='', description='', href='https://ph...
[MSG] 2879669465576507577 (BEE HOME): Message(title='', description='', href='https://ph...
[MSG] 2879669465576507577 (BEE HOME): Message(title='', description='', href='https://ph...
[MSG] 6004517193288736283 (Chinhtran): "#dongda
Cho thuê nhà ngõ 127 Hào Nam Đống Đa HN
D...
[SESSION] Listing mới + text cũ → đóng session cũ của Chinhtran
[DEBUG_BUFFER] Adding text to buffer: 'Chinhtran "#dongda\nCho thuê nhà ngõ 127 Hào Nam Đố'
[QUEUE] ✓ Enqueued 1 sessions.
[MSG] 6004517193288736283 (Chinhtran): "#haibatrung
Cho thuê ngõ 325 Kim Ngưu, ngõ thông ...
[SESSION] Listing mới + text cũ → đóng session cũ của Chinhtran
[DEBUG_BUFFER] Adding text to buffer: 'Chinhtran "#haibatrung\nCho thuê ngõ 325 Kim Ngưu, '
[QUEUE] ✓ Enqueued 1 sessions.
[MSG] 6004517193288736283 (Chinhtran): "#namtuliem
Cho thuê cả nhà ngõ 57 Trung Văn, Phườ...
[SESSION] Listing mới + text cũ → đóng session cũ của Chinhtran
[DEBUG_BUFFER] Adding text to buffer: 'Chinhtran "#namtuliem\nCho thuê cả nhà ngõ 57 Trung'
[QUEUE] ✓ Enqueued 1 sessions.
[MSG] 6004517193288736283 (Chinhtran): "#dongda
Cho thuê nhà ngõ 218 ngõ chợ Khâm Thiên Đ...
[SESSION] Listing mới + text cũ → đóng session cũ của Chinhtran
[DEBUG_BUFFER] Adding text to buffer: 'Chinhtran "#dongda\nCho thuê nhà ngõ 218 ngõ chợ Kh'
[QUEUE] ✓ Enqueued 1 sessions.
[MSG] 6004517193288736283 (Chinhtran): "#dongda
Cho thuê nhà nguyên căn ngõ 173 Nguyễn Lư...
[SESSION] Listing mới + text cũ → đóng session cũ của Chinhtran
[DEBUG_BUFFER] Adding text to buffer: 'Chinhtran "#dongda\nCho thuê nhà nguyên căn ngõ 173'
[QUEUE] ✓ Enqueued 1 sessions.
[LISTENER] Cleaned up MID cache. Current: 1000
[HEARTBEAT] Listener running. Buffers: 3. Uptime: 0.5h
[MSG] 6004517193288736283 (Chinhtran): "#hoangmai
Cho thuê nhà ngõ 210 Ngọc Hồi Thanh Trì...
[SESSION] Listing mới + text cũ → đóng session cũ của Chinhtran
[DEBUG_BUFFER] Adding text to buffer: 'Chinhtran "#hoangmai\nCho thuê nhà ngõ 210 Ngọc Hồi'
[QUEUE] ✓ Enqueued 1 sessions.
[MSG] 2879669465576507577 (BEE HOME): 🌷30% (Hđ12t)        Mã: Bee306

ĐỊA CHỈ: Ngõ 25.10...
[SESSION] ⏰ Idle 60s → đóng session cũ của BEE HOME
[DEBUG_BUFFER] Adding text to buffer: 'BEE HOME 🌷 (Hđ12t) Mã: Bee306\n\nĐỊA CHỈ: Ngõ 25.106'
[QUEUE] ✓ Enqueued 1 sessions.
[MSG] 2879669465576507577 (BEE HOME): Trục 2...
[DEBUG_BUFFER] Adding text to buffer: 'Trục 2'
[MSG] 2879669465576507577 (BEE HOME): Message(title='', description='', href='https://ph...
[MSG] 2879669465576507577 (BEE HOME): Message(title='', description='', href='https://ph...
[MSG] 2879669465576507577 (BEE HOME): Message(title='', description='', href='https://ph...
[MSG] 2879669465576507577 (BEE HOME): Message(title='', description='', href='https://ph...
[MSG] 2879669465576507577 (BEE HOME): Message(title='', description='', href='https://ph...
[MSG] 2879669465576507577 (BEE HOME): Message(title='', description='', href='https://vi...
[MSG] 1551387869847505864 (dragon): 📰 Mã Toà Nhà: DG-133
📰 Địa Chỉ: Ngõ 20 Nguyễn Chán...
[DEBUG_BUFFER] Adding text to buffer: 'dragon 📰 Mã Toà Nhà: DG-133\n📰 Địa Chỉ: Ngõ 20 Nguy'
[MSG] 6004517193288736283 (Chinhtran): "#thanhxuan
Cho thuê nhà nguyên căn tại ngõ 470 Ng...
[SESSION] Listing mới + text cũ → đóng session cũ của Chinhtran
[DEBUG_BUFFER] Adding text to buffer: 'Chinhtran "#thanhxuan\nCho thuê nhà nguyên căn tại '
[QUEUE] ✓ Enqueued 1 sessions.
[MSG] 1551387869847505864 (dragon): Message(title='', description='', href='https://ph...
[MSG] 1551387869847505864 (dragon): Message(title='', description='', href='https://ph...
[MSG] 1551387869847505864 (dragon): Message(title='', description='', href='https://ph...
[MSG] 1551387869847505864 (dragon): Message(title='', description='', href='https://ph...
[MSG] 1551387869847505864 (dragon): Message(title='', description='', href='https://ph...
[MSG] 2879669465576507577 (BEE HOME): Trục4...
[DEBUG_BUFFER] Adding text to buffer: 'Trục4'
[MSG] 2879669465576507577 (BEE HOME): Message(title='', description='', href='https://ph...
[MSG] 2879669465576507577 (BEE HOME): Message(title='', description='', href='https://ph...
[MSG] 2879669465576507577 (BEE HOME): Message(title='', description='', href='https://ph...
[MSG] 2879669465576507577 (BEE HOME): Message(title='', description='', href='https://ph...
[MSG] 2879669465576507577 (BEE HOME): Message(title='', description='', href='https://ph...
[MSG] 2879669465576507577 (BEE HOME): Message(title='', description='', href='https://vi...
[MSG] 4990120728059075599 (11a1): Message(title='', description='', href='https://ph...
[SESSION] Orphan photo (chưa có text). Bỏ qua.
[MSG] 4990120728059075599 (11a1): Message(title='', description='', href='https://ph...
[SESSION] Orphan photo (chưa có text). Bỏ qua.
[MSG] 4990120728059075599 (11a1): Message(title='', description='', href='https://ph...
[SESSION] Orphan photo (chưa có text). Bỏ qua.
[MSG] 6004517193288736283 (Chinhtran): "#haibatrung
Cho thuê nhà nguyên căn NGÕ 126 PHỐ K...
[SESSION] Listing mới + text cũ → đóng session cũ của Chinhtran
[DEBUG_BUFFER] Adding text to buffer: 'Chinhtran "#haibatrung\nCho thuê nhà nguyên căn NGÕ'
[QUEUE] ✓ Enqueued 1 sessions.
[MSG] 6004517193288736283 (Chinhtran): Message(title='', description='', href='https://ph...
[MSG] 6004517193288736283 (Chinhtran): Message(title='', description='', href='https://ph...
[MSG] 6004517193288736283 (Chinhtran): Message(title='', description='', href='https://ph...
[MSG] 6004517193288736283 (Chinhtran): Message(title='', description='', href='https://ph...
[MSG] 6004517193288736283 (Chinhtran): Message(title='', description='', href='https://ph...
[MSG] 6004517193288736283 (Chinhtran): Message(title='', description='', href='https://ph...
[MSG] 3572540813945634011 (nvhome 1): 🌹 40% 12th                   Mã NVH02
            ...
[DEBUG_BUFFER] Adding text to buffer: 'nvhome 1 12th Mã NVH02\n🏠 Địa chỉ: Số 9, ngách 34/6'
[MSG] 2879669465576507577 (BEE HOME): 🌷30%(HĐ12t)                Mã: Bee305

ĐỊA CHỈ: Ng...
[SESSION] Listing mới + media cũ → đóng session cũ của BEE HOME
[DEBUG_BUFFER] Adding text to buffer: 'BEE HOME 🌷(HĐ12t) Mã: Bee305\n\nĐỊA CHỈ: Ngõ 70.79.2'
[QUEUE] ✓ Enqueued 1 sessions.
[MSG] 6004517193288736283 (Chinhtran): Message(title='', description='', href='https://ph...
[MSG] 6004517193288736283 (Chinhtran): Message(title='', description='', href='https://ph...
[MSG] 6004517193288736283 (Chinhtran): "#hoangmai
Cho thuê nhà ngõ 99 Định Công Hạ, Hoàng...
[SESSION] Listing mới + media cũ → đóng session cũ của Chinhtran
[DEBUG_BUFFER] Adding text to buffer: 'Chinhtran "#hoangmai\nCho thuê nhà ngõ 99 Định Công'
[QUEUE] ✓ Enqueued 1 sessions.
[MSG] 6004517193288736283 (Chinhtran): Message(title='', description='', href='https://ph...
[MSG] 6004517193288736283 (Chinhtran): Message(title='', description='', href='https://ph...
[HEARTBEAT] Listener running. Buffers: 5. Uptime: 0.5h
[MSG] 2879669465576507577 (BEE HOME): Message(title='', description='', href='https://ph...
[MSG] 2879669465576507577 (BEE HOME): Message(title='', description='', href='https://ph...
[MSG] 2879669465576507577 (BEE HOME): Message(title='', description='', href='https://ph...
[MSG] 2879669465576507577 (BEE HOME): Message(title='', description='', href='https://ph...
[MSG] 2879669465576507577 (BEE HOME): Message(title='', description='', href='https://ph...
[MSG] 2879669465576507577 (BEE HOME): Message(title='', description='', href='https://vi...
[MSG] 6004517193288736283 (Chinhtran): Cho Thuê Nhà Trần Quốc Vượng, Cầu Giấy – 3PN Full ...
[SESSION] Listing mới + media cũ → đóng session cũ của Chinhtran
[DEBUG_BUFFER] Adding text to buffer: 'Chinhtran Cho Thuê Nhà Trần Quốc Vượng, Cầu Giấy –'
[QUEUE] ✓ Enqueued 1 sessions.
[MSG] 4990120728059075599 (11a1): Thưởng 150k cho sale
🌹40% 
Ma Ala
🏢Địa chỉ: Ngõ 72...
[FIX-LISTENER] Timeline reordered for 11a1. Reply → top, rest preserved in order.
[FIX-LISTENER] Prepending symbol 11a1 to text
[QUEUE] ✓ Enqueued 1 sessions.
[MSG] 2879669465576507577 (BEE HOME): Message(title='', description='', href='https://ph...
[MSG] 4990120728059075599 (11a1): Message(id=45901, catId=11938, type=3, extInfo=Non...
[MSG] 6004517193288736283 (Chinhtran): "#hoangmai
Cho thuê nhà ngõ 17 Lương Khánh Thiện H...
[SESSION] Listing mới + text cũ → đóng session cũ của Chinhtran
[DEBUG_BUFFER] Adding text to buffer: 'Chinhtran "#hoangmai\nCho thuê nhà ngõ 17 Lương Khá'
[QUEUE] ✓ Enqueued 1 sessions.
[MSG] 3572540813945634011 (nvhome 1): Message(globalMsgId=7963698997896, cliMsgId=178211...
[MSG] 5607388022277948830 (2a1): Message(rType=3, rIcon='/-strong', msgSender='4000...
[MSG] 1551387869847505864 (dragon): 📰 Mã Toà Nhà: DG-133
📰 Địa Chỉ: Ngõ 429 Thuỵ Khê  ...
[SESSION] ⏰ Idle 69s → đóng session cũ của dragon
[DEBUG_BUFFER] Adding text to buffer: 'dragon 📰 Mã Toà Nhà: DG-133\n📰 Địa Chỉ: Ngõ 429 Thu'
[QUEUE] ✓ Enqueued 1 sessions.
[MSG] 1551387869847505864 (dragon): Message(title='', description='', href='https://ph...
[MSG] 1551387869847505864 (dragon): Message(title='', description='', href='https://ph...
[MSG] 1551387869847505864 (dragon): Message(title='', description='', href='https://ph...
[MSG] 1551387869847505864 (dragon): Message(title='', description='', href='https://ph...
[MSG] 1551387869847505864 (dragon): Message(title='', description='', href='https://ph...
[MSG] 6004517193288736283 (Chinhtran): "#haibatrung
Cho thuê nhà nguyên căn Ngõ Chùa Quỳn...
[SESSION] Listing mới + text cũ → đóng session cũ của Chinhtran
[DEBUG_BUFFER] Adding text to buffer: 'Chinhtran "#haibatrung\nCho thuê nhà nguyên căn Ngõ'
[QUEUE] ✓ Enqueued 1 sessions.
[MSG] 6004517193288736283 (Chinhtran): Message(title='', description='', href='https://ph...
[MSG] 6004517193288736283 (Chinhtran): Message(title='', description='', href='https://ph...
[MSG] 6004517193288736283 (Chinhtran): Message(title='', description='', href='https://ph...
[MSG] 6004517193288736283 (Chinhtran): Message(title='', description='', href='https://ph...
[MSG] 6004517193288736283 (Chinhtran): Message(title='', description='', href='https://ph...
[MSG] 6004517193288736283 (Chinhtran): Message(title='', description='', href='https://ph...
[MSG] 6004517193288736283 (Chinhtran): Message(title='', description='', href='https://ph...
[MSG] 6004517193288736283 (Chinhtran): Message(title='', description='', href='https://ph...
[MSG] 6004517193288736283 (Chinhtran): Message(title='', description='', href='https://ph...
[MSG] 6004517193288736283 (Chinhtran): Message(title='', description='', href='https://ph...
[MSG] 6004517193288736283 (Chinhtran): Message(title='', description='', href='https://ph...
[MSG] 6004517193288736283 (Chinhtran): Message(title='', description='', href='https://vi...
[MSG] 6004517193288736283 (Chinhtran): "#hoangmai
Cho thuê nhà nguyên căn ngõ 96 Đại từ Đ...
[SESSION] Listing mới + media cũ → đóng session cũ của Chinhtran
[DEBUG_BUFFER] Adding text to buffer: 'Chinhtran "#hoangmai\nCho thuê nhà nguyên căn ngõ 9'
[QUEUE] ✓ Enqueued 1 sessions.
[MSG] 6004517193288736283 (Chinhtran): "#badinh
Cho thuê nhà Ngõ 285, Đường Đội Cấn, Phườ...
[SESSION] Listing mới + text cũ → đóng session cũ của Chinhtran
[DEBUG_BUFFER] Adding text to buffer: 'Chinhtran "#badinh\nCho thuê nhà Ngõ 285, Đường Đội'
[QUEUE] ✓ Enqueued 1 sessions.
[HEARTBEAT] Listener running. Buffers: 5. Uptime: 0.5h
[MSG] 4990120728059075599 (11a1): Message(title='', description='', href='https://f6...
[SESSION] Orphan photo (chưa có text). Bỏ qua.
[MSG] 4990120728059075599 (11a1): Message(title='', description='', href='https://f6...
[SESSION] Orphan photo (chưa có text). Bỏ qua.
[MSG] 4990120728059075599 (11a1): Message(title='', description='', href='https://f6...
[SESSION] Orphan photo (chưa có text). Bỏ qua.
[MSG] 4990120728059075599 (11a1): Message(title='', description='', href='https://f6...
[SESSION] Orphan photo (chưa có text). Bỏ qua.
[MSG] 4990120728059075599 (11a1): Message(title='', description='', href='https://f6...
[SESSION] Orphan photo (chưa có text). Bỏ qua.
[MSG] 4990120728059075599 (11a1): Message(title='', description='', href='https://f6...
[SESSION] Orphan photo (chưa có text). Bỏ qua.
[MSG] 4990120728059075599 (11a1): Message(title='', description='', href='https://f6...
[SESSION] Orphan photo (chưa có text). Bỏ qua.
[MSG] 6004517193288736283 (Chinhtran): "#badinh
Cho thuê nhà ở ngõ 285 Đội Cấn Ba Đình HN...
[SESSION] Listing mới + text cũ → đóng session cũ của Chinhtran
[DEBUG_BUFFER] Adding text to buffer: 'Chinhtran "#badinh\nCho thuê nhà ở ngõ 285 Đội Cấn '
[QUEUE] ✓ Enqueued 1 sessions.
[MSG] 6004517193288736283 (Chinhtran): "#hoangmai
CHO THUÊ NHÀ NGUYÊN CĂN
🎯 Địa chỉ: Ngõ ...
[SESSION] Listing mới + text cũ → đóng session cũ của Chinhtran
[DEBUG_BUFFER] Adding text to buffer: 'Chinhtran "#hoangmai\nCHO THUÊ NHÀ NGUYÊN CĂN\n🎯 Địa'
[QUEUE] ✓ Enqueued 1 sessions.
[QUEUE] ✓ Enqueued 1 sessions.
[MSG] 6004517193288736283 (Chinhtran): "Chính chủ Cho thuê nhà nguyên căn tại ngõ 145 Xuâ...
[SESSION] Listing mới + text cũ → đóng session cũ của Chinhtran
[DEBUG_BUFFER] Adding text to buffer: 'Chinhtran "Chính chủ Cho thuê nhà nguyên căn tại n'
[QUEUE] ✓ Enqueued 1 sessions.
[MSG] 6004517193288736283 (Chinhtran): "#caugiay
Cho thuê nhà riêng ngõ 91 Dương Quảng Hà...
[SESSION] Listing mới + text cũ → đóng session cũ của Chinhtran
[DEBUG_BUFFER] Adding text to buffer: 'Chinhtran "#caugiay\nCho thuê nhà riêng ngõ 91 Dươn'
[QUEUE] ✓ Enqueued 1 sessions.
[MSG] 4990120728059075599 (11a1): 🌹25% 
Mã 484
🏠 Địa chỉ: ngách 55 Chùa Liên Phái, B...
[FIX-LISTENER] Timeline reordered for 11a1. Reply → top, rest preserved in order.
[FIX-LISTENER] Prepending symbol 11a1 to text
[QUEUE] ✓ Enqueued 1 sessions.
[MSG] 4990120728059075599 (11a1): Message(id=45901, catId=11938, type=3, extInfo=Non...
[MSG] 7970346812792253395 (1a1): Message(title='🌻KHAI TRƯƠNG NHÀ MỚI TẠI NAM TỪ LIÊ...
[DEBUG_BUFFER] Adding text to buffer: '1a 🌻KHAI TRƯƠNG NHÀ MỚI TẠI NAM TỪ LIÊM\nFREE TIỀN '
[MSG] 1551387869847505864 (dragon): 📰 Mã Toà Nhà: DG-133
📰 Địa Chỉ: Ngõ 192 Lê Trọng T...
[SESSION] ⏰ Idle 71s → đóng session cũ của dragon
[DEBUG_BUFFER] Adding text to buffer: 'dragon 📰 Mã Toà Nhà: DG-133\n📰 Địa Chỉ: Ngõ 192 Lê '
[QUEUE] ✓ Enqueued 1 sessions.
[MSG] 6004517193288736283 (Chinhtran): "#hoangmai
Cho thuê nhà nguyên căn ngõ 15 Lương Kh...
[SESSION] Listing mới + text cũ → đóng session cũ của Chinhtran
[DEBUG_BUFFER] Adding text to buffer: 'Chinhtran "#hoangmai\nCho thuê nhà nguyên căn ngõ 1'
[QUEUE] ✓ Enqueued 1 sessions.
[MSG] 1551387869847505864 (dragon): Message(title='', description='', href='https://ph...
[MSG] 1551387869847505864 (dragon): Message(title='', description='', href='https://ph...
[MSG] 1551387869847505864 (dragon): Message(title='', description='', href='https://ph...
[MSG] 1551387869847505864 (dragon): Message(title='', description='', href='https://ph...
[MSG] 1551387869847505864 (dragon): Message(title='', description='', href='https://ph...
[MSG] 2253953280550764808 (Tuananh CHDV 2): ⭐️⭐️⭐️...
[DEBUG_BUFFER] Adding text to buffer: 'Tuananh CHDV 2 ⭐️⭐️⭐️'
[MSG] 6004517193288736283 (Chinhtran): "#hoangmai
Cho thuê nhà nguyên căn ngõ 61 Định Côn...
[SESSION] Listing mới + text cũ → đóng session cũ của Chinhtran
[DEBUG_BUFFER] Adding text to buffer: 'Chinhtran "#hoangmai\nCho thuê nhà nguyên căn ngõ 6'
[QUEUE] ✓ Enqueued 1 sessions.
[MSG] 2253953280550764808 (Tuananh CHDV 2): Message(title='', description='', href='https://f6...
[MSG] 2253953280550764808 (Tuananh CHDV 2): Message(title='', description='', href='https://f6...
[MSG] 2253953280550764808 (Tuananh CHDV 2): Message(title='', description='', href='https://f6...
[HEARTBEAT] Listener running. Buffers: 6. Uptime: 0.6h
[MSG] 2253953280550764808 (Tuananh CHDV 2): Message(title='', description='', href='https://f6...
[MSG] 2253953280550764808 (Tuananh CHDV 2): Message(title='', description='', href='https://f6...
[MSG] 2253953280550764808 (Tuananh CHDV 2): Message(title='', description='', href='https://f6...
[MSG] 2253953280550764808 (Tuananh CHDV 2): Message(title='', description='', href='https://f6...
[MSG] 2253953280550764808 (Tuananh CHDV 2): Message(title='', description='', href='https://f6...
[MSG] 2253953280550764808 (Tuananh CHDV 2): Message(title='', description='', href='https://f6...
[MSG] 2253953280550764808 (Tuananh CHDV 2): Message(title='', description='', href='https://f6...
[MSG] 2253953280550764808 (Tuananh CHDV 2): Message(title='', description='', href='https://f6...
[MSG] 2253953280550764808 (Tuananh CHDV 2): Message(title='', description='', href='https://f6...
[MSG] 2253953280550764808 (Tuananh CHDV 2): Message(title='', description='', href='https://f6...
[MSG] 2253953280550764808 (Tuananh CHDV 2): Message(title='', description='', href='https://f6...
[MSG] 2253953280550764808 (Tuananh CHDV 2): CHDV HOMESATY 6 NGỦ - HAI BÀ TRƯNG - OTO CÁCH 15M ...
[SESSION] Listing mới + media cũ → đóng session cũ của Tuananh CHDV 2
[DEBUG_BUFFER] Adding text to buffer: 'Tuananh CHDV 2 CHDV HOMESATY 6 NGỦ - HAI BÀ TRƯNG '
[QUEUE] ✓ Enqueued 1 sessions.
[MSG] 3663272068970134937 (family): Message(title='', description='', href='https://ph...
[SESSION] Orphan photo (chưa có text). Bỏ qua.
[MSG] 3663272068970134937 (family): Message(title='', description='', href='https://ph...
[SESSION] Orphan photo (chưa có text). Bỏ qua.
[MSG] 3663272068970134937 (family): Message(title='', description='', href='https://ph...
[SESSION] Orphan photo (chưa có text). Bỏ qua.
[MSG] 3663272068970134937 (family): Message(title='', description='', href='https://ph...
[SESSION] Orphan photo (chưa có text). Bỏ qua.
[MSG] 3663272068970134937 (family): Message(title='', description='', href='https://ph...
[SESSION] Orphan photo (chưa có text). Bỏ qua.
[MSG] 6004517193288736283 (Chinhtran): #thanhxuan
- Cho thuê nhà nguyên căn ngõ 342 Hạ Đì...
[SESSION] Listing mới + text cũ → đóng session cũ của Chinhtran
[DEBUG_BUFFER] Adding text to buffer: 'Chinhtran #thanhxuan\n- Cho thuê nhà nguyên căn ngõ'
[QUEUE] ✓ Enqueued 1 sessions.
[MSG] 3663272068970134937 (family): 📰 Mã Toà Nhà: F200
📰 Địa Chỉ: Ngõ 25 Vũ Ngọc Phan ...
[DEBUG_BUFFER] Adding text to buffer: 'family 📰 Mã Toà Nhà: F200\n📰 Địa Chỉ: Ngõ 25 Vũ Ngọ'
[MSG] 6004517193288736283 (Chinhtran): "#namtuliem
Cho thuê MBKD ngõ 134 Trần Bình, phườn...
[SESSION] Listing mới + text cũ → đóng session cũ của Chinhtran
[DEBUG_BUFFER] Adding text to buffer: 'Chinhtran "#namtuliem\nCho thuê MBKD ngõ 134 Trần B'
[QUEUE] ✓ Enqueued 1 sessions.
[MSG] 7970346812792253395 (1a1): P201...
[FILTER] Text length 4 < min_length 200 for 1a1. Skip.
[MSG] 6004517193288736283 (Chinhtran): "#haibatrung
Cho thuê nhà ngõ Tô Hiến Thành, Hai B...
[SESSION] Listing mới + text cũ → đóng session cũ của Chinhtran
[DEBUG_BUFFER] Adding text to buffer: 'Chinhtran "#haibatrung\nCho thuê nhà ngõ Tô Hiến Th'[QUEUE] ✓ Enqueued 1 sessions.

[MSG] 5893757615622668933 (tc 3): 🔥CHO THUÊ TẬP THỂ NGỌC KHÁNH, BA ĐÌNH - OTO ĐỖ CỬA...
[DEBUG_BUFFER] Adding text to buffer: 'tc 3 🔥CHO THUÊ TẬP THỂ NGỌC KHÁNH, BA ĐÌNH - OTO Đ'
[MSG] 5893757615622668933 (tc 3): Message(title='', description='', href='https://f6...
[MSG] 5893757615622668933 (tc 3): Message(title='', description='', href='https://f6...
[MSG] 5893757615622668933 (tc 3): Message(title='', description='', href='https://f6...
[MSG] 6004517193288736283 (Chinhtran): Message(title='', description='', href='https://ph...
[MSG] 6004517193288736283 (Chinhtran): Message(title='', description='', href='https://ph...
[MSG] 5893757615622668933 (tc 3): Message(title='', description='', href='https://f6...
[MSG] 6004517193288736283 (Chinhtran): Message(title='', description='', href='https://ph...
[MSG] 6004517193288736283 (Chinhtran): Message(title='', description='', href='https://ph...
[MSG] 5893757615622668933 (tc 3): Message(title='', description='', href='https://f1...
[MSG] 5893757615622668933 (tc 3): Message(title='', description='', href='https://f6...
[MSG] 6004517193288736283 (Chinhtran): Message(title='', description='', href='https://ph...
[MSG] 6004517193288736283 (Chinhtran): Message(title='', description='', href='https://ph...
[MSG] 6004517193288736283 (Chinhtran): Message(title='', description='', href='https://ph...
[MSG] 6004517193288736283 (Chinhtran): Message(title='', description='', href='https://ph...
[MSG] 5893757615622668933 (tc 3): Message(title='', description='', href='https://f6...
[MSG] 5893757615622668933 (tc 3): Message(title='', description='', href='https://f6...
[HEARTBEAT] Listener running. Buffers: 8. Uptime: 0.6h
[MSG] 5893757615622668933 (tc 3): Message(title='', description='', href='https://f6...
[MSG] 5893757615622668933 (tc 3): Message(title='', description='', href='https://f6...
[MSG] 6004517193288736283 (Chinhtran): "#caugiay
Cho thuê nhà ngõ 196 Hoàng Sâm, Nghĩa Đô...
[SESSION] Listing mới + media cũ → đóng session cũ của Chinhtran
[DEBUG_BUFFER] Adding text to buffer: 'Chinhtran "#caugiay\nCho thuê nhà ngõ 196 Hoàng Sâm'
[QUEUE] ✓ Enqueued 1 sessions.
[MSG] 5893757615622668933 (tc 3): Message(id=19773, catId=10233, type=3, extInfo=Non...
[MSG] 6004517193288736283 (Chinhtran): "#hoangmai
Cho thuê nhà nguyên căn tại ngõ 37 đườn...
[SESSION] Listing mới + text cũ → đóng session cũ của Chinhtran
[DEBUG_BUFFER] Adding text to buffer: 'Chinhtran "#hoangmai\nCho thuê nhà nguyên căn tại n'
[QUEUE] ✓ Enqueued 1 sessions.
[MSG] 6004517193288736283 (Chinhtran): "#thanhxuan
Cho thuê nhà ngõ Quan Nhân Thanh Xuân ...
[SESSION] Listing mới + text cũ → đóng session cũ của Chinhtran
[DEBUG_BUFFER] Adding text to buffer: 'Chinhtran "#thanhxuan\nCho thuê nhà ngõ Quan Nhân T'
[QUEUE] ✓ Enqueued 1 sessions.
[MSG] 3663272068970134937 (family): Message(title='', description='', href='https://ph...
[MSG] 3663272068970134937 (family): Message(title='', description='', href='https://ph...
[MSG] 3663272068970134937 (family): Message(title='', description='', href='https://ph...
[MSG] 3663272068970134937 (family): Message(title='', description='', href='https://ph...
[MSG] 3663272068970134937 (family): Message(title='', description='', href='https://ph...
[MSG] 6004517193288736283 (Chinhtran): "#dongda
Cho thuê nhà ngõ 19 Trần Quang Diệu Đống ...
[SESSION] Listing mới + text cũ → đóng session cũ của Chinhtran
[DEBUG_BUFFER] Adding text to buffer: 'Chinhtran "#dongda\nCho thuê nhà ngõ 19 Trần Quang '
[QUEUE] ✓ Enqueued 1 sessions.
[MSG] 7970346812792253395 (1a1): Message(title='', description='', href='https://ph...
[MSG] 3663272068970134937 (family): 📰 Mã Toà Nhà: F200
📰 Địa Chỉ: 45 Ngõ Hoàng An 
📰 Q...
[SESSION] Listing mới + media cũ → đóng session cũ của family
[DEBUG_BUFFER] Adding text to buffer: 'family 📰 Mã Toà Nhà: F200\n📰 Địa Chỉ: 45 Ngõ Hoàng '
[QUEUE] ✓ Enqueued 1 sessions.
[MSG] 7970346812792253395 (1a1): Message(title='', description='', href='https://ph...
[MSG] 7970346812792253395 (1a1): Message(title='', description='', href='https://ph...
[MSG] 6004517193288736283 (Chinhtran): "#tayho
CHO THUÊ NHÀ ngõ 9 Đặng Thai Mai, Quảng An...
[SESSION] Listing mới + text cũ → đóng session cũ của Chinhtran
[DEBUG_BUFFER] Adding text to buffer: 'Chinhtran "#tayho\nCHO THUÊ NHÀ ngõ 9 Đặng Thai Mai'
[QUEUE] ✓ Enqueued 1 sessions.
[MSG] 6004517193288736283 (Chinhtran): "#thanhxuan
Cho thuê nhà ngõ 73 Quan Nhân, Thanh X...
[SESSION] Listing mới + text cũ → đóng session cũ của Chinhtran
[DEBUG_BUFFER] Adding text to buffer: 'Chinhtran "#thanhxuan\nCho thuê nhà ngõ 73 Quan Nhâ'
[QUEUE] ✓ Enqueued 1 sessions.
[MSG] 7970346812792253395 (1a1): Trục 01...
[FILTER] Text length 7 < min_length 200 for 1a1. Skip.
[MSG] 6004517193288736283 (Chinhtran): "#tayho
 Cho thuê nhà ngõ 32 phố An Dương Tây Hồ H...
[SESSION] Listing mới + text cũ → đóng session cũ của Chinhtran
[DEBUG_BUFFER] Adding text to buffer: 'Chinhtran "#tayho\nCho thuê nhà ngõ 32 phố An Dương'
[QUEUE] ✓ Enqueued 1 sessions.
[LISTENER] Cleaned up MID cache. Current: 1000
[HEARTBEAT] Listener running. Buffers: 8. Uptime: 0.6h
[MSG] 3663272068970134937 (family): Message(title='', description='', href='https://ph...
[MSG] 3663272068970134937 (family): Message(title='', description='', href='https://ph...
[MSG] 3663272068970134937 (family): Message(title='', description='', href='https://ph...
[MSG] 3663272068970134937 (family): Message(title='', description='', href='https://ph...
[MSG] 3663272068970134937 (family): Message(title='', description='', href='https://ph...
[MSG] 6004517193288736283 (Chinhtran): "#haibatrung
Cho thuê nhà riêng phố Nguyễn Khoái H...
[SESSION] Listing mới + text cũ → đóng session cũ của Chinhtran
[DEBUG_BUFFER] Adding text to buffer: 'Chinhtran "#haibatrung\nCho thuê nhà riêng phố Nguy'
[QUEUE] ✓ Enqueued 1 sessions.
[MSG] 3663272068970134937 (family): 📰 Mã Toà Nhà: F200
📰 Địa Chỉ: 45 Ngõ Hoàng An 
📰 Q...
[SESSION] Listing mới + media cũ → đóng session cũ của family
[DEBUG_BUFFER] Adding text to buffer: 'family 📰 Mã Toà Nhà: F200\n📰 Địa Chỉ: 45 Ngõ Hoàng '
[QUEUE] ✓ Enqueued 1 sessions.
[MSG] 6004517193288736283 (Chinhtran): "#hoangmai
Cho thuê nhà riêng ngõ 299 Hoàng Mai, H...
[SESSION] Listing mới + text cũ → đóng session cũ của Chinhtran
[DEBUG_BUFFER] Adding text to buffer: 'Chinhtran "#hoangmai\nCho thuê nhà riêng ngõ 299 Ho'
[QUEUE] ✓ Enqueued 1 sessions.
[MSG] 7970346812792253395 (1a1): Message(title='', description='', href='https://ph...
[MSG] 7970346812792253395 (1a1): Message(title='', description='', href='https://ph...
[MSG] 7970346812792253395 (1a1): Message(title='', description='', href='https://ph...
[MSG] 7970346812792253395 (1a1): Message(title='', description='', href='https://ph...
[MSG] 7970346812792253395 (1a1): Message(title='', description='', href='https://vi...
[MSG] 6004517193288736283 (Chinhtran): "#thanhxuan
Cho thuê nhà Ngõ 108 Đường Nguyễn Lân,...
[SESSION] Listing mới + text cũ → đóng session cũ của Chinhtran
[DEBUG_BUFFER] Adding text to buffer: 'Chinhtran "#thanhxuan\nCho thuê nhà Ngõ 108 Đường N'
[QUEUE] ✓ Enqueued 1 sessions.
[MSG] 6004517193288736283 (Chinhtran): Cho thuê nhà nguyên căn ngõ 215 Giáp Nhất Thanh Xu...
[SESSION] Listing mới + text cũ → đóng session cũ của Chinhtran
[DEBUG_BUFFER] Adding text to buffer: 'Chinhtran Cho thuê nhà nguyên căn ngõ 215 Giáp Nhấ'
[QUEUE] ✓ Enqueued 1 sessions.
[MSG] 6004517193288736283 (Chinhtran): "#hoangmai
Cho thuê nhà nguyên căn 168 Kim Giang, ...
[SESSION] Listing mới + text cũ → đóng session cũ của Chinhtran
[DEBUG_BUFFER] Adding text to buffer: 'Chinhtran "#hoangmai\nCho thuê nhà nguyên căn 168 K'
[QUEUE] ✓ Enqueued 1 sessions.
[MSG] 3663272068970134937 (family): Message(title='', description='', href='https://ph...
[MSG] 3663272068970134937 (family): Message(title='', description='', href='https://ph...
[MSG] 3663272068970134937 (family): Message(title='', description='', href='https://ph...
[MSG] 3663272068970134937 (family): Message(title='', description='', href='https://ph...
[MSG] 3663272068970134937 (family): Message(title='', description='', href='https://ph...
[MSG] 7970346812792253395 (1a1): Trục 02...
[FILTER] Text length 7 < min_length 200 for 1a1. Skip.
[HEARTBEAT] Listener running. Buffers: 7. Uptime: 0.6h
[QUEUE] ✓ Enqueued 1 sessions.
[MSG] 6004517193288736283 (Chinhtran): "#haibatrung
Cho thuê nhà tại ngõ 61 Lạc Trung Hai...
[SESSION] Listing mới + text cũ → đóng session cũ của Chinhtran
[DEBUG_BUFFER] Adding text to buffer: 'Chinhtran "#haibatrung\nCho thuê nhà tại ngõ 61 Lạc'
[QUEUE] ✓ Enqueued 1 sessions.
[MSG] 3663272068970134937 (family): 📰 Mã Toà Nhà: F200
📰 Địa Chỉ: Ngõ 282/36 Kim Giang...
[SESSION] Listing mới + media cũ → đóng session cũ của family
[DEBUG_BUFFER] Adding text to buffer: 'family 📰 Mã Toà Nhà: F200\n📰 Địa Chỉ: Ngõ 282/36 Ki'
[QUEUE] ✓ Enqueued 1 sessions.
[MSG] 6004517193288736283 (Chinhtran): "#hoangmai
Cho thuê nhà ngõ 1043 Giải Phóng, Hoàng...
[SESSION] Listing mới + text cũ → đóng session cũ của Chinhtran
[DEBUG_BUFFER] Adding text to buffer: 'Chinhtran "#hoangmai\nCho thuê nhà ngõ 1043 Giải Ph'
[QUEUE] ✓ Enqueued 1 sessions.
[MSG] 6004517193288736283 (Chinhtran): "#haibatrung
Cho thuê nhà nguyên căn ngõ 295 Bạch ...
[SESSION] Listing mới + text cũ → đóng session cũ của Chinhtran
[DEBUG_BUFFER] Adding text to buffer: 'Chinhtran "#haibatrung\nCho thuê nhà nguyên căn ngõ'
[QUEUE] ✓ Enqueued 1 sessions.
[MSG] 4043681813413658449 (Nova): Message(title='Đỗ Thuỷ Trúc đã bỏ ghim tin nhắn 🌹5...
[DEBUG_BUFFER] Adding text to buffer: 'Nova Đỗ Thuỷ Trúc đã bỏ ghim tin nhắn - 12th. Mã: '
[MSG] 7970346812792253395 (1a1): Message(title='', description='', href='https://ph...
[SESSION] ⏰ Idle 71s → đóng session cũ của 1a1
[FIX-LISTENER] Prepending symbol 1a1 to text
[SESSION] Orphan photo (chưa có text). Bỏ qua.
[QUEUE] ✓ Enqueued 1 sessions.
[MSG] 6004517193288736283 (Chinhtran): "#namtuliem
Cho thuê nhà riêng ngõ 6  Miêu Nha Nam...
[SESSION] Listing mới + text cũ → đóng session cũ của Chinhtran
[DEBUG_BUFFER] Adding text to buffer: 'Chinhtran "#namtuliem\nCho thuê nhà riêng ngõ 6 Miê'
[QUEUE] ✓ Enqueued 1 sessions.
[MSG] 7970346812792253395 (1a1): Message(title='', description='', href='https://ph...
[SESSION] Orphan photo (chưa có text). Bỏ qua.
[MSG] 7970346812792253395 (1a1): Message(title='', description='', href='https://ph...
[SESSION] Orphan photo (chưa có text). Bỏ qua.
[MSG] 7970346812792253395 (1a1): Message(title='', description='', href='https://ph...
[SESSION] Orphan photo (chưa có text). Bỏ qua.
[MSG] 7970346812792253395 (1a1): Message(title='', description='', href='https://vi...
[SESSION] Orphan video (chưa có text). Bỏ qua.
[MSG] 1551387869847505864 (dragon): 📰 Mã Toà Nhà: DG-133
📰 Địa Chỉ: Ngách 35/17 Trần T...
[SESSION] ⏰ Idle 231s → đóng session cũ của dragon
[DEBUG_BUFFER] Adding text to buffer: 'dragon 📰 Mã Toà Nhà: DG-133\n📰 Địa Chỉ: Ngách 35/17'
[QUEUE] ✓ Enqueued 1 sessions.
[MSG] 6004517193288736283 (Chinhtran): "#caugiay
CHO THUÊ NHÀ RIÊNG Ngõ 105 Trần Quốc Vượ...
[SESSION] Listing mới + text cũ → đóng session cũ của Chinhtran
[DEBUG_BUFFER] Adding text to buffer: 'Chinhtran "#caugiay\nCHO THUÊ NHÀ RIÊNG Ngõ 105 Trầ'
[QUEUE] ✓ Enqueued 1 sessions.
[MSG] 3572540813945634011 (nvhome 1): 🌹 30% 12th                   Mã NVH116
           ...
[DEBUG_BUFFER] Adding text to buffer: 'nvhome 1 12th Mã NVH116\n🏠 Địa chỉ: 1/38 Thiên Hiền'
[MSG] 2879669465576507577 (BEE HOME): 🌷30% ( Hđ12t)    Mã: Bee59

ĐỊA CHỈ: Ngõ 25.xx Phú...
[DEBUG_BUFFER] Adding text to buffer: 'BEE HOME 🌷 ( Hđ12t) Mã: Bee59\n\nĐỊA CHỈ: Ngõ 25.xx '
[MSG] 1551387869847505864 (dragon): Message(title='', description='', href='https://ph...
[MSG] 1551387869847505864 (dragon): Message(title='', description='', href='https://ph...
[MSG] 1551387869847505864 (dragon): Message(title='', description='', href='https://ph...
[MSG] 1551387869847505864 (dragon): Message(title='', description='', href='https://ph...
[MSG] 1551387869847505864 (dragon): Message(title='', description='', href='https://ph...
[MSG] 2879669465576507577 (BEE HOME): Message(title='', description='', href='https://ph...
[MSG] 2879669465576507577 (BEE HOME): Message(title='', description='', href='https://ph...
[MSG] 2879669465576507577 (BEE HOME): Message(title='', description='', href='https://ph...
[MSG] 2879669465576507577 (BEE HOME): Message(title='', description='', href='https://ph...
[HEARTBEAT] Listener running. Buffers: 8. Uptime: 0.6h
[MSG] 3572540813945634011 (nvhome 1): Message(title='', description='', href='https://ph...
[MSG] 3572540813945634011 (nvhome 1): Message(title='', description='', href='https://ph...
[MSG] 3572540813945634011 (nvhome 1): Message(title='', description='', href='https://ph...
[MSG] 3572540813945634011 (nvhome 1): Message(title='', description='', href='https://ph...
[MSG] 3572540813945634011 (nvhome 1): Message(title='', description='', href='https://ph...
[MSG] 3572540813945634011 (nvhome 1): Message(title='', description='', href='https://ph...
[MSG] 4043681813413658449 (Nova): Message(title='https://zalo.me/g/esmkzw156', descr...
[MSG] 4043681813413658449 (Nova): Message(title='Đỗ Thuỷ Trúc ghim 1 tin nhắn link h...
[MSG] 7970346812792253395 (1a1): Trục 03...
[FILTER] Text length 7 < min_length 200 for 1a1. Skip.
[MSG] 4241274088638332819 (Tuananh CHDV 1): ⭐️⭐️⭐️...
[DEBUG_BUFFER] Adding text to buffer: 'Tuananh CHDV 1 ⭐️⭐️⭐️'
[MSG] 3663272068970134937 (family): Message(title='', description='', href='https://ph...
[MSG] 3663272068970134937 (family): Message(title='', description='', href='https://ph...
[MSG] 3663272068970134937 (family): Message(title='', description='', href='https://ph...
[MSG] 3663272068970134937 (family): Message(title='', description='', href='https://ph...
[MSG] 3663272068970134937 (family): Message(title='', description='', href='https://ph...
[MSG] 4241274088638332819 (Tuananh CHDV 1): CHDV HOMESATY 6 NGỦ - HAI BÀ TRƯNG - OTO CÁCH 15M ...
[SESSION] Listing mới + text cũ → đóng session cũ của Tuananh CHDV 1
[DEBUG_BUFFER] Adding text to buffer: 'Tuananh CHDV 1 CHDV HOMESATY 6 NGỦ - HAI BÀ TRƯNG '
[QUEUE] ✓ Enqueued 1 sessions.
[MSG] 6004517193288736283 (Chinhtran): "#hoangmai
Cho thuê nhà nguyên căn ngõ 293 Tam Tri...
[SESSION] Listing mới + text cũ → đóng session cũ của Chinhtran
[DEBUG_BUFFER] Adding text to buffer: 'Chinhtran "#hoangmai\nCho thuê nhà nguyên căn ngõ 2'
[QUEUE] ✓ Enqueued 1 sessions.
[MSG] 6386224335746572783 (Nova): Message(title='https://zalo.me/g/bwjnvg994', descr...
[MSG] 6386224335746572783 (Nova): Message(title='Đỗ Thuỷ Trúc ghim 1 tin nhắn link h...
[MSG] 3663272068970134937 (family): 📰 Mã Toà Nhà: F200 
📰 Địa Chỉ: 77 Ngõ Hoàng An 
📰 ...
[SESSION] Listing mới + media cũ → đóng session cũ của family
[DEBUG_BUFFER] Adding text to buffer: 'family 📰 Mã Toà Nhà: F200\n📰 Địa Chỉ: 77 Ngõ Hoàng '
[QUEUE] ✓ Enqueued 1 sessions.
[MSG] 7970346812792253395 (1a1): Message(title='', description='', href='https://ph...
[SESSION] Orphan photo (chưa có text). Bỏ qua.
[MSG] 1551387869847505864 (dragon): 📰 Mã Toà Nhà: DG-133
📰 Địa Chỉ: Ngách 35/17 Trần T...
[SESSION] Listing mới + media cũ → đóng session cũ của dragon
[DEBUG_BUFFER] Adding text to buffer: 'dragon 📰 Mã Toà Nhà: DG-133\n📰 Địa Chỉ: Ngách 35/17'
[QUEUE] ✓ Enqueued 1 sessions.
[MSG] 7970346812792253395 (1a1): Message(title='', description='', href='https://ph...
[SESSION] Orphan photo (chưa có text). Bỏ qua.
[MSG] 7970346812792253395 (1a1): Message(title='', description='', href='https://ph...
[SESSION] Orphan photo (chưa có text). Bỏ qua.
[MSG] 1551387869847505864 (dragon): Message(title='', description='', href='https://ph...
[MSG] 1551387869847505864 (dragon): Message(title='', description='', href='https://ph...
[MSG] 1551387869847505864 (dragon): Message(title='', description='', href='https://ph...
[MSG] 1551387869847505864 (dragon): Message(title='', description='', href='https://ph...
[MSG] 1551387869847505864 (dragon): Message(title='', description='', href='https://ph...
[MSG] 1551387869847505864 (dragon): Message(title='', description='', href='https://ph...
[MSG] 1551387869847505864 (dragon): Message(title='', description='', href='https://ph...
[MSG] 1551387869847505864 (dragon): Message(title='', description='', href='https://ph...
[HEARTBEAT] Listener running. Buffers: 9. Uptime: 0.6h
[MSG] 4990120728059075599 (11a1): Message(rType=2, rMsg=[{'cMsgID': 1781635403670, '...
[MSG] 3663272068970134937 (family): Message(title='', description='', href='https://ph...
[MSG] 3663272068970134937 (family): Message(title='', description='', href='https://ph...
[MSG] 3663272068970134937 (family): Message(title='', description='', href='https://ph...
[MSG] 3663272068970134937 (family): Message(title='', description='', href='https://ph...
[MSG] 3663272068970134937 (family): Message(title='', description='', href='https://ph...
[MSG] 3663272068970134937 (family): Message(title='', description='', href='https://ph...
[MSG] 3663272068970134937 (family): Message(title='', description='', href='https://ph...
[MSG] 4990120728059075599 (11a1): Message(title='', description='', href='https://ph...
[SESSION] Orphan photo (chưa có text). Bỏ qua.
[MSG] 4990120728059075599 (11a1): Message(title='', description='', href='https://ph...
[SESSION] Orphan photo (chưa có text). Bỏ qua.
[MSG] 4990120728059075599 (11a1): Message(title='', description='', href='https://ph...
[SESSION] Orphan photo (chưa có text). Bỏ qua.
[MSG] 4990120728059075599 (11a1): Message(title='', description='', href='https://ph...
[SESSION] Orphan photo (chưa có text). Bỏ qua.
[MSG] 4990120728059075599 (11a1): Message(title='', description='', href='https://ph...
[SESSION] Orphan photo (chưa có text). Bỏ qua.
[MSG] 4990120728059075599 (11a1): Message(title='', description='', href='https://ph...
[SESSION] Orphan photo (chưa có text). Bỏ qua.
[MSG] 4990120728059075599 (11a1): Message(title='', description='', href='https://ph...
[SESSION] Orphan photo (chưa có text). Bỏ qua.
[MSG] 4990120728059075599 (11a1): Message(title='', description='', href='https://ph...
[SESSION] Orphan photo (chưa có text). Bỏ qua.
[MSG] 4990120728059075599 (11a1): Message(title='', description='', href='https://ph...
[SESSION] Orphan photo (chưa có text). Bỏ qua.
[MSG] 4990120728059075599 (11a1): 🎉Thưởng 300k cho ctv sale
🌹40% -6 tháng
Mã 566
🏢 2...
[FIX-LISTENER] Timeline reordered for 11a1. Reply → top, rest preserved in order.
[FIX-LISTENER] Prepending symbol 11a1 to text
[QUEUE] ✓ Enqueued 1 sessions.
[MSG] 4990120728059075599 (11a1): Message(id=45901, catId=11938, type=3, extInfo=Non...
[MSG] 3663272068970134937 (family): 📰 Mã Toà Nhà: F200 
📰 Địa Chỉ: Nhà 169 Cự Lộc 
📰 Q...
[SESSION] Listing mới + media cũ → đóng session cũ của family
[DEBUG_BUFFER] Adding text to buffer: 'family 📰 Mã Toà Nhà: F200\n📰 Địa Chỉ: Nhà 169 Cự Lộ'
[QUEUE] ✓ Enqueued 1 sessions.
[MSG] 4990120728059075599 (11a1): Message(title='', description='', href='https://ph...
[SESSION] Orphan photo (chưa có text). Bỏ qua.
[MSG] 4990120728059075599 (11a1): Message(title='', description='', href='https://ph...
[SESSION] Orphan photo (chưa có text). Bỏ qua.
[MSG] 4990120728059075599 (11a1): Message(title='', description='', href='https://ph...
[SESSION] Orphan photo (chưa có text). Bỏ qua.
[MSG] 4990120728059075599 (11a1): Message(title='', description='', href='https://ph...
[SESSION] Orphan photo (chưa có text). Bỏ qua.
[MSG] 4990120728059075599 (11a1): Message(title='', description='', href='https://ph...
[SESSION] Orphan photo (chưa có text). Bỏ qua.
[MSG] 4990120728059075599 (11a1): Message(title='', description='', href='https://ph...
[SESSION] Orphan photo (chưa có text). Bỏ qua.
[MSG] 4990120728059075599 (11a1): Message(title='', description='', href='https://ph...
[SESSION] Orphan photo (chưa có text). Bỏ qua.
[MSG] 4990120728059075599 (11a1): Message(title='', description='', href='https://ph...
[SESSION] Orphan photo (chưa có text). Bỏ qua.
[MSG] 4990120728059075599 (11a1): Message(title='', description='', href='https://ph...
[SESSION] Orphan photo (chưa có text). Bỏ qua.
[MSG] 4990120728059075599 (11a1): Message(title='', description='', href='https://ph...
[SESSION] Orphan photo (chưa có text). Bỏ qua.
[MSG] 4990120728059075599 (11a1): Message(title='', description='', href='https://ph...
[SESSION] Orphan photo (chưa có text). Bỏ qua.
[MSG] 4990120728059075599 (11a1): Message(title='', description='', href='https://ph...
[SESSION] Orphan photo (chưa có text). Bỏ qua.
[MSG] 4990120728059075599 (11a1): Message(title='', description='', href='https://ph...
[SESSION] Orphan photo (chưa có text). Bỏ qua.
[MSG] 4990120728059075599 (11a1): Message(title='', description='', href='https://ph...
[SESSION] Orphan photo (chưa có text). Bỏ qua.
[MSG] 4990120728059075599 (11a1): Message(title='', description='', href='https://ph...
[SESSION] Orphan photo (chưa có text). Bỏ qua.
[MSG] 4990120728059075599 (11a1): Message(title='', description='', href='https://ph...
[SESSION] Orphan photo (chưa có text). Bỏ qua.
[MSG] 4990120728059075599 (11a1): 🎉Thưởng 300k cho ctv sale
🌹40% -6 tháng
Mã 566
🏢 2...
[FIX-LISTENER] Timeline reordered for 11a1. Reply → top, rest preserved in order.
[FIX-LISTENER] Prepending symbol 11a1 to text
[QUEUE] ✓ Enqueued 1 sessions.
[MSG] 4990120728059075599 (11a1): Message(id=45901, catId=11938, type=3, extInfo=Non...
[HEARTBEAT] Listener running. Buffers: 8. Uptime: 0.7h
[MSG] 6386224335746572783 (Nova): 🌹 40% - 12th.  Mã: TM065

🏡Địa chỉ: Số nhà 14B ngá...
[DEBUG_BUFFER] Adding text to buffer: 'Nova - 12th. Mã: TM065\n\n🏡Địa chỉ: Số nhà 14B ngách'
[QUEUE] ✓ Enqueued 1 sessions.
[MSG] 6386224335746572783 (Nova): Message(title='', description='', href='https://ph...
[MSG] 6386224335746572783 (Nova): Message(title='', description='', href='https://ph...
[MSG] 6386224335746572783 (Nova): Message(title='', description='', href='https://ph...
[MSG] 6386224335746572783 (Nova): Message(title='', description='', href='https://ph...
[MSG] 3663272068970134937 (family): Message(title='', description='', href='https://ph...
[MSG] 3663272068970134937 (family): Message(title='', description='', href='https://ph...
[MSG] 3663272068970134937 (family): Message(title='', description='', href='https://ph...
[MSG] 3663272068970134937 (family): Message(title='', description='', href='https://ph...
[MSG] 3663272068970134937 (family): Message(title='', description='', href='https://ph...
[MSG] 3663272068970134937 (family): Message(title='', description='', href='https://ph...
[MSG] 3663272068970134937 (family): Message(title='', description='', href='https://ph...
[MSG] 4990120728059075599 (11a1): Message(title='', description='', href='https://ph...
[SESSION] Orphan photo (chưa có text). Bỏ qua.
[MSG] 4990120728059075599 (11a1): Message(title='', description='', href='https://ph...
[SESSION] Orphan photo (chưa có text). Bỏ qua.
[MSG] 4990120728059075599 (11a1): Message(title='', description='', href='https://ph...
[SESSION] Orphan photo (chưa có text). Bỏ qua.
[MSG] 4990120728059075599 (11a1): Message(title='', description='', href='https://ph...
[SESSION] Orphan photo (chưa có text). Bỏ qua.
[MSG] 4990120728059075599 (11a1): Message(title='', description='', href='https://ph...
[SESSION] Orphan photo (chưa có text). Bỏ qua.
[MSG] 4990120728059075599 (11a1): Message(title='', description='', href='https://ph...
[SESSION] Orphan photo (chưa có text). Bỏ qua.
[MSG] 4990120728059075599 (11a1): Message(title='', description='', href='https://ph...
[SESSION] Orphan photo (chưa có text). Bỏ qua.
[MSG] 4990120728059075599 (11a1): Message(title='', description='', href='https://ph...
[SESSION] Orphan photo (chưa có text). Bỏ qua.
[MSG] 3663272068970134937 (family): 📰 Mã Toà Nhà: F200 
📰 Địa Chỉ: Nhà 169 Cự Lộc 
📰 Q...
[SESSION] Listing mới + media cũ → đóng session cũ của family
[DEBUG_BUFFER] Adding text to buffer: 'family 📰 Mã Toà Nhà: F200\n📰 Địa Chỉ: Nhà 169 Cự Lộ'
[QUEUE] ✓ Enqueued 1 sessions.
[MSG] 4990120728059075599 (11a1): Message(title='', description='', href='https://ph...
[SESSION] Orphan photo (chưa có text). Bỏ qua.
[MSG] 4990120728059075599 (11a1): 🎉 Thưởng 150k  cho ctv sale
🌹40%-6 tháng
Mã 315
🏢2...
[FIX-LISTENER] Timeline reordered for 11a1. Reply → top, rest preserved in order.
[FIX-LISTENER] Prepending symbol 11a1 to text
[QUEUE] ✓ Enqueued 1 sessions.
[MSG] 4990120728059075599 (11a1): Message(id=45901, catId=11938, type=3, extInfo=Non...
[MSG] 3572540813945634011 (nvhome 1): 🌹40% 12th
Mã NVH18

🏡 Địa chỉ: s25 Ngõ 195 Cầu Diễ...
[SESSION] ⏰ Idle 146s → đóng session cũ của nvhome 1
[DEBUG_BUFFER] Adding text to buffer: 'nvhome 1 12th\nMã NVH18\n\n🏡 Địa chỉ: s25 Ngõ 195 Cầu'
[QUEUE] ✓ Enqueued 1 sessions.
[MSG] 3572540813945634011 (nvhome 1): Message(title='', description='', href='https://ph...
[MSG] 3572540813945634011 (nvhome 1): Message(title='', description='', href='https://ph...
[MSG] 3572540813945634011 (nvhome 1): Message(id=23423, catId=10431, type=3, extInfo=Non...
[MSG] 4241274088638332819 (Tuananh CHDV 1): Message(rType=-1, rIcon='', msgSender='163647391',...
[MSG] 4990120728059075599 (11a1): Message(title='', description='', href='https://ph...
[SESSION] Orphan photo (chưa có text). Bỏ qua.
[MSG] 4990120728059075599 (11a1): Message(title='', description='', href='https://ph...
[SESSION] Orphan photo (chưa có text). Bỏ qua.
[MSG] 4990120728059075599 (11a1): Message(title='', description='', href='https://ph...
[SESSION] Orphan photo (chưa có text). Bỏ qua.
[MSG] 4990120728059075599 (11a1): Message(title='', description='', href='https://ph...
[SESSION] Orphan photo (chưa có text). Bỏ qua.
[MSG] 4990120728059075599 (11a1): Message(title='', description='', href='https://vi...
[SESSION] Orphan video (chưa có text). Bỏ qua.
[MSG] 4990120728059075599 (11a1): 🎀 CĂN HỘ DỊCH VỤ MỚI TẠI 
🎉 Thưởng 150k cho sale
🌹...
[FIX-LISTENER] Timeline reordered for 11a1. Reply → top, rest preserved in order.
[FIX-LISTENER] Prepending symbol 11a1 to text
[QUEUE] ✓ Enqueued 1 sessions.
[MSG] 4990120728059075599 (11a1): Message(id=45901, catId=11938, type=3, extInfo=Non...
[MSG] 6386224335746572783 (Nova): 🌹 40% - 12th.  Mã: TM065

🏡Địa chỉ: Số nhà 14B ngá...
[SESSION] Listing mới + media cũ → đóng session cũ của Nova
[DEBUG_BUFFER] Adding text to buffer: 'Nova - 12th. Mã: TM065\n\n🏡Địa chỉ: Số nhà 14B ngách'
[QUEUE] ✓ Enqueued 1 sessions.
[LISTENER] Cleaned up MID cache. Current: 1000
[HEARTBEAT] Listener running. Buffers: 8. Uptime: 0.7h
[MSG] 6386224335746572783 (Nova): Message(title='', description='', href='https://ph...
[MSG] 6386224335746572783 (Nova): Message(title='', description='', href='https://ph...
[MSG] 6386224335746572783 (Nova): Message(title='', description='', href='https://ph...
[MSG] 6386224335746572783 (Nova): Message(title='', description='', href='https://ph...
[MSG] 6386224335746572783 (Nova): Message(title='', description='', href='https://ph...
[MSG] 6386224335746572783 (Nova): Message(title='', description='', href='https://ph...
[MSG] 3663272068970134937 (family): Message(title='', description='', href='https://ph...
[MSG] 3663272068970134937 (family): Message(title='', description='', href='https://ph...
[MSG] 3663272068970134937 (family): Message(title='', description='', href='https://ph...
[MSG] 3663272068970134937 (family): Message(title='', description='', href='https://ph...
[MSG] 3663272068970134937 (family): Message(title='', description='', href='https://ph...
[MSG] 4990120728059075599 (11a1): Message(title='', description='', href='https://ph...
[SESSION] Orphan photo (chưa có text). Bỏ qua.
[MSG] 4990120728059075599 (11a1): Message(title='', description='', href='https://ph...
[SESSION] Orphan photo (chưa có text). Bỏ qua.
[MSG] 4990120728059075599 (11a1): Message(title='', description='', href='https://ph...
[SESSION] Orphan photo (chưa có text). Bỏ qua.
[MSG] 4990120728059075599 (11a1): Message(title='', description='', href='https://ph...
[SESSION] Orphan photo (chưa có text). Bỏ qua.
[MSG] 4990120728059075599 (11a1): Message(title='', description='', href='https://ph...
[SESSION] Orphan photo (chưa có text). Bỏ qua.
[MSG] 4990120728059075599 (11a1): Message(title='', description='', href='https://ph...
[SESSION] Orphan photo (chưa có text). Bỏ qua.
[MSG] 4990120728059075599 (11a1): Message(title='', description='', href='https://ph...
[SESSION] Orphan photo (chưa có text). Bỏ qua.
[MSG] 4990120728059075599 (11a1): Message(title='', description='', href='https://ph...
[SESSION] Orphan photo (chưa có text). Bỏ qua.
[MSG] 4990120728059075599 (11a1): Message(title='', description='', href='https://ph...
[SESSION] Orphan photo (chưa có text). Bỏ qua.
[MSG] 4990120728059075599 (11a1): Message(title='', description='', href='https://ph...
[SESSION] Orphan photo (chưa có text). Bỏ qua.
[MSG] 3663272068970134937 (family): 📰 Mã Toà Nhà: F200
📰 Địa Chỉ: Ngõ 1194 Láng 
📰 Quậ...
[SESSION] Listing mới + media cũ → đóng session cũ của family
[DEBUG_BUFFER] Adding text to buffer: 'family 📰 Mã Toà Nhà: F200\n📰 Địa Chỉ: Ngõ 1194 Láng'
[QUEUE] ✓ Enqueued 1 sessions.
[MSG] 4990120728059075599 (11a1): 🎉Thưởng 150kq cho sale
🌹40%
Mã 315
🎀 CĂN HỘ 1NGỦ 1...
[FIX-LISTENER] Timeline reordered for 11a1. Reply → top, rest preserved in order.
[FIX-LISTENER] Prepending symbol 11a1 to text
[QUEUE] ✓ Enqueued 1 sessions.
[MSG] 4990120728059075599 (11a1): Message(id=45901, catId=11938, type=3, extInfo=Non...
[MSG] 271551379939597963 (Timehouse): ❌ NHƯỢNG HH 50% ❌
HÀNG HOT Địa chỉ " số 8 ngõ 132/...
[DEBUG_BUFFER] Adding text to buffer: 'Timehouse ❌ NHƯỢNG ❌\nHÀNG HOT Địa chỉ " số 8 ngõ 1'
